Date,Site,Sample_KR,Name_EN,Position,Temp,pH,Turbidity,EC,DO,SS,Br,BOD,COD,NH3N,TOC,SUVA,Aromaticity,MolWeight,Biopolymer,HS,BB,LMWN,THMFP,HAAFP,Turbidity_nd,SS_nd,Br_nd,NH3N_nd,uv_zero_placeholder,group,wtp,stage,month,season,n_measured
2017-05-01,M1,안동호,Andong Reservoir,"Andong, Gyeongsangbuk-do; upper Nakdong basin",11.0,7.1,0.356,214.0,9.5,1.6,0.012630599999999999,1.5,3.9,0.09,2.4,1.974655815405968,3.757083495003656,713.0,231.3342631334263,841.7546227561073,547.0478847047884,251.4644351464435,0.057,0.058,False,False,False,False,False,main_stem,,,5,spring,20
2017-05-01,M2,임하호,Imha Reservoir,"Andong, Gyeongsangbuk-do; Banbyeoncheon/upper Nakdong basin",14.0,7.2,1.556,196.0,9.3,1.0,0.0118353,1.4,4.9,0.005,3.4,2.962835724516315,4.406486355448797,748.0,146.72245467224548,1649.2797239717786,853.3705253370525,321.3389121338912,0.1,0.154,False,False,False,False,False,main_stem,,,5,spring,20
2017-05-01,M3,예천,Yecheon,"Yecheon-gun, Gyeongsangbuk-do; upper Nakdong River",25.0,7.55,0.6652,231.0,9.26,6.8,0.015124499999999999,1.5,3.4,0.005,2.0,2.566358207603802,3.9814286943198374,705.0,98.83774988377498,872.9042428810136,515.6206415620641,217.24779172477915,0.049,0.065,False,False,False,False,False,main_stem,,,5,spring,20
2017-05-01,M4,상주,Sangju,"Sangju-si, Gyeongsangbuk-do; upper–middle Nakdong",25.0,8.1,1.003,250.0,9.9,2.0,0.018984,1.2,3.4,0.01,2.2,2.2815263045731022,3.943782589934092,704.0,143.28219432821942,862.6740755648137,564.2491864249187,264.5746164574616,0.051,0.076,False,False,False,False,False,main_stem,,,5,spring,20
2017-05-01,M5,낙단보,Nakdan Weir,"Sangju area, Gyeongsangbuk-do; Nakdong main stem",25.0,7.88,0.785,320.0,7.35,3.4,0.0235468,1.3,3.7,0.04,2.2,2.6590665932358317,4.305857728599385,712.0,133.19386331938634,913.0820031248168,593.3984193398419,267.41050674105065,0.07,0.07,False,False,False,False,False,main_stem,,,5,spring,20
2017-05-01,M6,해평,Haepyeong,"Gumi-si, Gyeongsangbuk-do; Nakdong main stem",21.0,8.2,3.225,425.0,10.3,8.2,0.0228568,1.5,3.4,0.005,2.3,2.737080436489607,4.319123870897029,727.0,129.9860529986053,891.1869895504013,587.4012087401209,263.0404463040446,0.06,0.082,False,False,False,False,False,main_stem,,,5,spring,20
2017-05-01,M7,구미,Gumi,"Gumi-si, Gyeongsangbuk-do; Nakdong main stem",23.0,7.22,2.325,313.0,10.2,1.2,0.0443136,1.4,3.7,0.03,2.5,2.4387969948542025,4.526104930464108,698.0,221.75732217573218,967.9097297354936,650.2556950255695,312.97071129707115,0.067,0.077,False,False,False,False,False,main_stem,,,5,spring,20
2017-05-01,M8,왜관,Waegwan,"Waegwan-eup, Chilgok-gun, Gyeongsangbuk-do",22.8,6.96,2.412,402.0,8.74,2.2,0.061575899999999996,2.0,3.6,0.08,2.5,2.5856747363983135,3.8497942626578743,709.0,194.97907949790795,924.1689184563527,656.9502556950256,358.6238958623896,0.065,0.058,False,False,False,False,False,main_stem,,,5,spring,20
2017-05-01,M9,고령원수,Goryeong Raw Water,Raw-water sample associated with Goryeong WTP,20.0,8.0,1.32,366.0,11.2,1.8,0.0435747,2.0,3.4,0.005,2.3,1.7330074034907597,3.6788405276381915,693.0,154.62575546257554,951.6863408065351,449.69781496978146,273.0822873082287,0.065,0.074,False,False,False,False,False,main_stem,Goryeong,raw,5,spring,20
2017-05-01,M10,달성,Dalseong,Daegu/Dalseong area; Nakdong main stem,23.1,7.22,1.625,329.0,9.56,1.4,0.042961799999999994,1.6,3.5,0.01,2.4,2.373191816489362,3.879892330544668,680.0,193.49139934913993,877.2769731788344,540.6322640632263,262.9474662947466,0.065,0.046,False,False,False,False,False,main_stem,,,5,spring,20
2017-05-01,M11,고령,Goryeong,Goryeong-gun area; Nakdong River,24.0,6.89,10.338,536.0,10.26,1.8,0.0826217,1.2,5.6,0.16,3.3,2.613581029045643,2.961948819667774,664.0,332.0316132031613,1165.2859688463955,936.3086936308694,451.4644351464435,0.083,0.069,False,False,False,False,False,main_stem,,,5,spring,20
2017-05-01,M12,용산,Yongsan,"Lower-middle Nakdong, Changnyeong reach",24.7,8.46,4.685,366.0,11.27,2.4,0.0536476,1.8,3.5,0.06,2.4,2.390454506067961,2.778580553153254,669.0,276.1971176197117,921.5870301453026,688.3310088331008,336.49465364946536,0.055,0.072,False,False,False,False,False,main_stem,,,5,spring,20
2017-05-01,M13,남지,Namji,"Namji-eup, Changnyeong-gun, Gyeongsangnam-do",24.5,8.38,6.338,366.0,10.73,1.8,0.0622027,1.0,1.9,0.11,2.4,2.1115421656050954,3.0182446746268656,700.0,325.6159925615992,894.1094877716046,713.7610413761041,414.4583914458391,0.069,0.064,False,False,False,False,False,main_stem,,,5,spring,20
2017-05-01,M14,반송원수,Bansong Raw Water,"Raw-water source for Bansong WTP, Changwon system",27.4,7.4,3.201,418.0,8.28,3.4,0.0640955,0.7,2.7,0.005,2.2,2.4243119527940284,4.194880956063269,678.0,143.00325430032544,819.4362071995747,583.8679683867967,670.8042770804277,0.067,0.075,False,False,False,False,False,main_stem,Bansong,raw,5,spring,20
2017-05-01,M15,삼량진,Samnangjin,"Miryang-si, Gyeongsangnam-do; lower Nakdong",23.4,7.4,5.639,309.0,8.7,1.0,0.0534902,1.2,4.2,0.12,2.1,1.8600549141361258,3.193108125293656,685.0,164.10971641097163,728.0994281351461,539.0516039051604,1198.5588098558808,0.068,0.083,False,False,False,False,False,main_stem,,,5,spring,20
2017-05-01,M16,물금,Mulgeum,"Yangsan-si, Gyeongsangnam-do; lower Nakdong",24.2,7.22,5.352,410.0,8.94,2.0,0.06289220000000001,2.0,3.8,0.005,2.4,2.1271287056300268,2.9641242231385765,646.0,258.2054858205486,888.5966314903873,624.8721524872152,697.6754997675499,0.065,0.087,False,False,False,False,False,main_stem,,,5,spring,20
2017-05-01,M17,구포,Gupo,Busan; lower Nakdong River,23.7,8.21,2.895,407.0,10.17,6.8,0.0729189,1.4,3.1,0.05,2.6,1.888250535446786,3.160302758010919,696.0,190.0511390051139,864.1597369357371,664.5746164574616,911.8549511854951,0.08,0.097,False,False,False,False,False,main_stem,,,5,spring,20
2017-05-01,M18,하구둑,Nakdong River Estuary Barrage,Busan; river mouth,19.3,8.9,2.721,512.3,8.8,2.2,0.27874669999999996,1.3,4.7,0.13,2.7,2.2732977351771164,2.9418604885805766,676.0,302.185030218503,959.7594484714348,770.0604370060437,303.951650395165,0.101,0.069,False,False,False,False,False,main_stem,,,5,spring,20
2017-05-01,T1,위천6,Wicheon 6,"Wicheon tributary, Gyeongsangbuk-do",24.7,8.67,1.0398,248.0,11.5,4.4,0.0289825,1.3,5.1,0.16,3.8,2.7005621832705344,4.465939632456004,704.0,252.76615527661554,1314.4895101888353,830.4044630404462,344.9558344955834,0.093,0.111,False,False,False,False,False,tributary,,,5,spring,20
2017-05-01,T2,감천2-1,Gamcheon 2-1,"Gamcheon tributary, near Gimcheon/Gumi",26.5,8.83,3.569,255.0,10.45,6.0,0.0349022,1.3,2.5,0.01,2.0,2.7184891031123137,3.5527186271761253,682.0,82.38028823802883,683.2485920590364,500.8833100883309,248.34960483496045,0.048,0.076,False,False,False,False,False,tributary,,,5,spring,20
2017-05-01,T3,금호강6,Geumho River 6,"Lower Geumho River, Daegu",25.1,7.96,9.662,925.0,13.41,5.0,0.1237012,1.9,6.8,0.13,4.2,3.189480859749678,3.5550709826443057,646.0,300.88331008833103,1543.553596198063,1202.975360297536,631.0553231055322,0.081,0.147,False,False,False,False,False,tributary,,,5,spring,20
2017-05-01,T4,회천2-1,Hoecheon 2-1,"Hoecheon tributary, Goryeong area",23.4,8.64,8.692,450.0,11.76,1.4,0.0766224,1.3,4.5,0.07,3.0,2.7022251955109273,3.054232699445799,660.0,329.75360297536025,1165.9041567612528,928.9632728963272,494.14225941422586,0.085,0.07,False,False,False,False,False,tributary,,,5,spring,20
2017-05-01,T5,황강5,Hwang River 5,"Hwanggang tributary, Gyeongsangnam-do",19.8,6.78,3.226,135.0,9.21,9.8,0.0130287,1.4,2.9,0.005,1.3,2.594495513929619,3.8842463087802,709.0,99.62807996280797,535.2592587396728,388.8423988842399,122.3152022315202,0.035,0.051,False,False,False,False,False,tributary,,,5,spring,20
2017-05-01,T6,밀양강3,Miryang River 3,"Miryang River, Miryang-si",24.7,7.72,0.998,212.0,10.27,5.4,0.0202332,2.5,4.5,0.07,1.6,1.803563347150259,3.322067340803498,605.0,163.87726638772662,575.270698617979,386.37842863784283,666.3877266387726,0.054,0.075,False,False,False,False,False,tributary,,,5,spring,20
2017-05-01,1,밀양호,Miryang Reservoir,"Miryang, Gyeongsangnam-do",9.0,7.1,1.932,68.0,10.3,1.4,0.012197699999999999,1.5,4.1,,1.0,,,,107.670850767085,410.206603507707,265.7833565783356,661.2273361227336,0.028,0.039,False,False,False,True,False,reservoir,,,5,spring,16
2017-05-01,2,운문호,Unmun Reservoir,"Cheongdo-gun, Gyeongsangbuk-do",13.0,7.3,1.685,103.0,10.2,1.2,0.0144776,2.5,3.7,0.04,1.6,,,,135.19293351929335,598.7640742004418,451.4179451417945,333.0079033007903,0.046,0.06,False,False,False,False,False,reservoir,,,5,spring,17
2017-05-01,3,남강호,Namgang Reservoir / Namgang Dam Reservoir,"Jinju area, Gyeongsangnam-do",20.0,8.2,2.226,116.0,10.0,0.6,0.0129888,2.1,2.6,,1.5,,,,217.15481171548117,556.3187561419631,384.4258484425848,583.7284983728498,0.032,0.056,False,False,False,True,False,reservoir,,,5,spring,16
2017-05-01,4,영천호(죽장천),Yeongcheon Reservoir (Jukjangcheon),Yeongcheon/Pohang-region tributary system,18.0,7.8,0.952,104.0,11.4,2.0,0.0076684,1.0,2.2,,1.5,,,,97.21059972105998,359.5452859988044,227.98698279869825,137.23849372384936,0.025,0.035,False,False,False,True,False,reservoir,,,5,spring,16
2017-05-01,5,합천호,Hapcheon Reservoir,"Hapcheon-gun, Gyeongsangnam-do",10.0,7.9,3.225,139.0,8.8,1.6,0.0,1.3,3.1,,1.0,,,,249.27940492794048,706.9045514120655,462.2036262203626,261.45978614597857,0.04,0.055,False,False,False,True,False,reservoir,,,5,spring,16
2017-05-01,6,구미원수,Gumi Raw Water,Gumi WTP influent/raw water,21.0,8.2,3.225,425.0,10.3,8.2,0.0228568,1.5,3.4,,2.3,,,,129.9860529986053,891.1869895504013,587.4012087401209,263.0404463040446,0.06,0.082,False,False,False,True,False,treatment,Gumi,raw,5,spring,16
2017-05-01,7,구미침전수,Gumi Settled Water,Gumi After sedimentation,21.0,8.2,0.31,266.0,10.3,,0.011532,,,,1.918,,,,103.90516039051603,672.3452923879034,629.5211529521152,924.2677824267782,0.06,0.065,False,False,False,False,False,treatment,Gumi,settled,5,spring,13
2017-05-01,8,구미여과수,Gumi Filtered Water,Gumi After filtration,21.0,7.6,0.06,265.0,10.3,,0.0127365,,,,1.875,,,,147.83821478382148,635.6941037849276,588.8423988842399,519.4328219432822,0.046,0.049,False,False,False,False,False,treatment,Gumi,filtered,5,spring,13
2017-05-01,9,구미오존처리수,Gumi Ozonated Water,Gumi ozonated Water,21.0,7.6,0.06,266.0,10.3,,0.0140892,,,,1.822,,,,82.93816829381683,567.5729651899675,615.7136215713621,986.2389586238958,0.045,0.043,False,False,False,False,False,treatment,Gumi,ozonated,5,spring,13
2017-05-01,10,구미GAC처리수,Gumi GAC-Treated Water,Gumi After granular activated carbon,21.0,7.6,0.06,267.0,10.3,,0.007914,,,,1.521,,,,109.11204091120408,563.0884793388265,546.3505346350535,1143.6076243607624,0.037,0.028,False,False,False,False,False,treatment,Gumi,GAC,5,spring,13
2017-05-01,11,구미정수,Gumi Finished Water,Gumi Final treated drinking water,21.0,7.6,0.06,267.0,10.3,,0.006065,,,,1.544,,,,116.68991166899114,523.8167914969295,549.8372849837284,1155.3231055323104,0.036,0.029,False,False,False,False,False,treatment,Gumi,finished,5,spring,13
2017-05-01,12,고령침전수,Goryeong Settled Water,Goryeong setted water/sedimentation,20.0,7.4,0.32,334.0,,,0.0231024,,,,1.87,,,,94.70013947001394,566.7856263844449,607.996280799628,676.4295676429567,0.048,0.038,False,False,False,False,False,treatment,Goryeong,settled,5,spring,12
2017-05-01,13,고령여과수,Goryeong Filtered Water,Goryeong filtered water,20.0,7.4,0.06,333.0,,,0.020978,,,,1.863,,,,165.50441655044165,639.1108519994453,706.741050674105,473.91910739191076,0.044,0.039,False,False,False,False,False,treatment,Goryeong,filtered,5,spring,12
2017-05-01,14,고령오존처리수,Goryeong Ozonated Water,Goryeong  ozonated water,20.0,7.4,0.06,334.0,,,0.0213267,,,,1.894,,,,106.22966062296607,607.5877019774082,604.788470478847,367.31752673175265,0.049,0.043,False,False,False,False,False,treatment,Goryeong,ozonated,5,spring,12
2017-05-01,15,고령GAC처리수,Goryeong GAC-Treated Water,Goryeong GAC treated water,20.0,7.4,0.06,332.0,,,0.037315600000000004,,,,1.437,,,,77.26638772663877,544.3612662146896,525.9879125987912,1003.440260344026,0.044,0.021,False,False,False,False,False,treatment,Goryeong,GAC,5,spring,12
2017-05-01,16,고령정수,Goryeong Finished Water,Goryeong Final treated drinking water,20.0,7.0,0.06,333.0,,,0.017975500000000002,,,,1.435,,,,83.82147838214783,474.67750661365807,501.580660158066,228.77731287773128,0.044,0.029,False,False,False,False,False,treatment,Goryeong,finished,5,spring,12
2017-05-01,17,반송오존처리수,Bansong Ozonated Water,Bansong ozonated water,22.0,7.0,0.208,355.0,,,0.06420959999999999,,,,2.192,,,,139.28405392840537,737.425566586139,607.2059507205951,965.3184565318455,0.051,0.036,False,False,False,False,False,treatment,Bansong,ozonated,5,spring,12
2017-05-01,18,반송침전수,Bansong Settled Water,Bansong setted water/sedimentation,21.0,7.0,0.18,364.0,,,0.012079900000000001,,,,1.757,,,,86.47140864714086,529.3270036373074,503.25430032543,321.66434216643415,0.045,0.034,False,False,False,False,False,treatment,Bansong,settled,5,spring,12
2017-05-01,19,반송F/A처리수,Bansong F/A-Treated Water,Bansong F/A treated water,21.0,7.0,0.07,363.0,,,0.040455,,,,1.396,,,,94.88609948860994,441.84002475984516,517.9451417945141,1558.5774058577404,0.032,0.016,False,False,False,False,False,treatment,Bansong,F/A,5,spring,12
2017-05-01,20,반송정수,Bansong Finished Water,Bansong Final treated drinking water,18.0,7.0,0.05,366.0,,,0.0094848,,,,1.424,,,,121.75732217573221,493.4404696441834,489.2608089260808,833.5657833565783,0.035,0.021,False,False,False,False,False,treatment,Bansong,finished,5,spring,12
2017-06-01,M1,안동호,Andong Reservoir,"Andong, Gyeongsangbuk-do; upper Nakdong basin",11.0,7.5,0.23,295.0,9.1,0.4,0.014727800000000001,0.7,4.3,0.02,2.5,1.7965953682653708,2.6235789197026924,715.0,322.3152022315202,851.2032107092357,600.650860065086,371.5481171548117,0.056,0.072,False,False,False,False,False,main_stem,,,6,summer,20
2017-06-01,M2,임하호,Imha Reservoir,"Andong, Gyeongsangbuk-do; Banbyeoncheon/upper Nakdong basin",14.0,7.3,1.21,184.0,8.7,0.6,0.0146631,0.4,5.3,0.01,3.4,2.365206558695094,3.549142474784311,715.0,321.5248721524872,1703.111791917382,937.2849837284983,505.39284053928407,0.111,0.129,False,False,False,False,False,main_stem,,,6,summer,20
2017-06-01,M3,예천,Yecheon,"Yecheon-gun, Gyeongsangbuk-do; upper Nakdong River",21.1,7.29,0.735,260.6,9.0,0.6,0.010191599999999999,0.6,4.6,0.06,2.3,2.5608188998768977,3.007382211621394,639.0,237.65690376569037,1146.656712497085,566.3877266387726,238.63319386331938,0.086,0.094,False,False,False,False,False,main_stem,,,6,summer,20
2017-06-01,M4,상주,Sangju,"Sangju-si, Gyeongsangbuk-do; upper–middle Nakdong",23.9,8.59,1.09,321.4,10.07,1.6,0.0143013,1.0,4.7,0.08,2.5,2.1474228480172255,3.54556734747331,699.0,181.54346815434678,1082.7968626053294,648.4890748489074,609.530450953045,0.085,0.11,False,False,False,False,False,main_stem,,,6,summer,20
2017-06-01,M5,낙단보,Nakdan Weir,"Sangju area, Gyeongsangbuk-do; Nakdong main stem",24.4,8.73,0.531,342.8,9.27,2.2,0.0242597,0.7,5.2,0.005,2.9,2.2817357634374997,3.567878,694.0,266.89911668991164,1210.7991360691144,799.442119944212,546.1645746164573,0.083,0.116,False,False,False,False,False,main_stem,,,6,summer,20
2017-06-01,M6,해평,Haepyeong,"Gumi-si, Gyeongsangbuk-do; Nakdong main stem",24.0,7.7,4.5,277.0,9.12,0.8,0.020737600000000002,1.4,5.3,0.005,3.0,2.1600104762908323,3.351611163264316,722.0,211.9479311947931,1066.8254239007679,814.504881450488,446.21106462110646,0.093,0.118,False,False,False,False,False,main_stem,,,6,summer,20
2017-06-01,M7,구미,Gumi,"Gumi-si, Gyeongsangbuk-do; Nakdong main stem",25.1,8.72,2.32,542.6,9.81,0.6,0.0434023,1.4,5.4,0.03,3.2,2.417385120531477,3.1001318030002314,710.0,283.68200836820085,1121.7967560715806,860.3440260344025,411.76197117619705,0.095,0.127,False,False,False,False,False,main_stem,,,6,summer,20
2017-06-01,M8,왜관,Waegwan,"Waegwan-eup, Chilgok-gun, Gyeongsangbuk-do",25.8,8.77,2.88,441.0,9.08,1.2,0.08470820000000001,1.3,5.6,0.02,3.2,2.4914984605074193,2.750527456544267,688.0,279.7303579730358,1145.592418102549,857.3686657368665,507.2989307298931,0.092,0.111,False,False,False,False,False,main_stem,,,6,summer,20
2017-06-01,M9,고령원수,Goryeong Raw Water,Raw-water sample associated with Goryeong WTP,23.0,7.9,4.03,378.0,9.51,1.0,0.0768027,0.8,4.7,0.005,2.8,1.999372517819068,3.5602993217938637,703.0,150.1162250116225,1034.3785921191777,712.877731287773,1072.7568572756857,0.044,0.089,False,False,False,False,False,main_stem,Goryeong,raw,6,summer,20
2017-06-01,M10,달성,Dalseong,Daegu/Dalseong area; Nakdong main stem,26.6,9.3,1.78,578.2,11.57,5.2,0.1050231,3.6,7.8,0.24,3.7,1.9550608674488266,1.970939300179983,583.0,733.8912133891213,1294.9293769559188,732.5894932589492,412.18038121803806,0.195,0.111,False,False,False,False,False,main_stem,,,6,summer,20
2017-06-01,M11,고령,Goryeong,Goryeong-gun area; Nakdong River,26.4,9.27,11.0,575.3,11.74,3.2,0.0929214,1.5,6.7,0.15,3.9,1.7900671549777625,2.6599058579315416,703.0,465.78335657833566,1130.7361841516001,1026.2668526266852,1208.6006508600651,0.078,0.144,False,False,False,False,False,main_stem,,,6,summer,20
2017-06-01,M12,용산,Yongsan,"Lower-middle Nakdong, Changnyeong reach",27.5,9.37,5.321,480.9,12.54,2.8,0.0717047,2.2,6.6,0.19,3.2,2.4972851776710687,3.4003506643749395,707.0,369.45606694560666,1058.7858592701366,898.6517898651789,605.997210599721,0.151,0.131,False,False,False,False,False,main_stem,,,6,summer,20
2017-06-01,M13,남지,Namji,"Namji-eup, Changnyeong-gun, Gyeongsangnam-do",28.8,9.51,5.685,395.1,12.29,4.4,0.0802592,1.5,3.6,0.28,3.3,2.445317481721126,2.9274522162743093,686.0,391.3063691306369,1010.0223612746208,785.5416085541607,461.1343561134356,0.133,0.129,False,False,False,False,False,main_stem,,,6,summer,20
2017-06-01,M14,반송원수,Bansong Raw Water,"Raw-water source for Bansong WTP, Changwon system",24.2,8.3,6.34,414.0,8.15,20.2,0.0915716,1.1,3.9,0.03,2.9,2.7742330042105263,4.258586773945947,680.0,119.24686192468619,943.1220762183721,649.1399349139934,304.50953045095304,0.131,0.157,False,False,False,False,False,main_stem,Bansong,raw,6,summer,20
2017-06-01,M15,삼량진,Samnangjin,"Miryang-si, Gyeongsangnam-do; lower Nakdong",25.8,9.06,7.635,405.8,10.35,2.4,0.0800122,0.9,3.9,0.07,3.1,2.0510647599707816,2.98303363480598,714.0,314.41190144119014,939.2792516006073,804.6490004649,947.2338447233844,0.093,0.112,False,False,False,False,False,main_stem,,,6,summer,20
2017-06-01,M16,물금,Mulgeum,"Yangsan-si, Gyeongsangnam-do; lower Nakdong",25.4,9.11,8.221,491.1,9.37,4.2,0.07761960000000001,1.9,4.2,0.1,3.2,2.3090534992438245,3.2456762540423405,714.0,318.68898186889817,933.0745776718163,762.9009762900976,524.2212924221292,0.11,0.143,False,False,False,False,False,main_stem,,,6,summer,20
2017-06-01,M17,구포,Gupo,Busan; lower Nakdong River,24.9,9.26,3.568,381.9,10.08,10.2,0.0720117,3.2,5.5,0.14,3.4,2.139419367302177,3.3310775115325963,595.0,324.31427243142724,1060.44677368518,548.7215248721525,714.4583914458391,0.123,0.162,False,False,False,False,False,main_stem,,,6,summer,20
2017-06-01,M18,하구둑,Nakdong River Estuary Barrage,Busan; river mouth,23.0,8.7,2.125,541.3,7.0,3.2,0.15,1.5,5.7,0.05,3.0,2.392234611956137,3.273386483958926,729.0,213.6215713621571,871.0306631900227,699.7675499767549,672.5708972570897,0.135,0.085,False,False,False,False,False,main_stem,,,6,summer,20
2017-06-01,T1,위천6,Wicheon 6,"Wicheon tributary, Gyeongsangbuk-do",24.9,8.44,0.92,332.7,9.49,0.8,0.034577399999999994,0.8,7.7,0.005,5.0,2.4337382659604128,3.9865581312162255,699.0,359.8791259879126,2139.826316140406,1396.513249651325,964.4816364481635,0.145,0.21,False,False,False,False,False,tributary,,,6,summer,20
2017-06-01,T2,감천2-1,Gamcheon 2-1,"Gamcheon tributary, near Gimcheon/Gumi",26.7,8.65,4.56,513.6,10.18,1.0,0.0485892,0.8,4.7,0.005,2.6,2.7550292666405634,3.0769088982035933,680.0,108.97257089725707,943.4306624075823,734.6350534635053,438.6796838679684,0.087,0.11,False,False,False,False,False,tributary,,,6,summer,20
2017-06-01,T3,금호강6,Geumho River 6,"Lower Geumho River, Daegu",27.1,9.36,10.7,1194.0,13.73,15.0,0.0,2.4,11.3,0.33,5.8,2.7782582201988295,2.987747874618228,540.0,492.4221292422129,1863.2142448469892,1233.6587633658762,1058.8098558809854,0.146,0.19,False,False,False,False,False,tributary,,,6,summer,20
2017-06-01,T4,회천2-1,Hoecheon 2-1,"Hoecheon tributary, Goryeong area",27.5,9.36,7.62,606.3,13.05,3.0,0.08761870000000001,2.0,7.0,0.18,3.9,2.6114290362508616,3.46197550475861,706.0,464.66759646675956,1180.6156324277601,1024.8721524872153,548.1636448163645,0.076,0.148,False,False,False,False,False,tributary,,,6,summer,20
2017-06-01,T5,황강5,Hwang River 5,"Hwanggang tributary, Gyeongsangnam-do",24.7,7.88,2.52,212.1,9.13,0.4,0.021220700000000002,0.6,3.6,0.02,1.8,2.71627318093557,3.6018973057218098,706.0,176.89446768944677,651.6697731140945,465.36494653649464,243.56113435611343,0.059,0.089,False,False,False,False,False,tributary,,,6,summer,20
2017-06-01,T6,밀양강3,Miryang River 3,"Miryang River, Miryang-si",26.8,9.6,0.735,280.0,11.74,8.2,0.1656878,1.4,5.2,0.09,3.2,2.0742787845505615,3.264673284892839,666.0,485.30915853091585,900.028132553683,847.0013947001395,926.4993026499301,0.13,0.155,False,False,False,False,False,tributary,,,6,summer,20
2017-06-01,1,밀양호,Miryang Reservoir,"Miryang, Gyeongsangnam-do",11.0,7.0,0.9985,53.0,9.3,1.0,0.0147027,0.7,4.2,0.02,1.0,,,,153.23105532310552,418.51532802800335,279.17247791724776,865.8763365876337,0.052,0.064,False,False,False,False,False,reservoir,,,6,summer,17
2017-06-01,2,운문호,Unmun Reservoir,"Cheongdo-gun, Gyeongsangbuk-do",13.0,7.3,1.22,79.0,8.0,1.0,0.0178016,0.6,4.2,0.02,1.9,,,,213.43561134356113,615.5557415857743,476.66201766620173,410.13482101348205,0.056,0.083,False,False,False,False,False,reservoir,,,6,summer,17
2017-06-01,3,남강호,Namgang Reservoir / Namgang Dam Reservoir,"Jinju area, Gyeongsangnam-do",21.0,8.2,2.014,118.0,7.4,0.2,0.0173492,0.7,4.1,0.01,1.9,,,,218.45653184565316,650.2575297481609,406.60158066015805,437.65690376569034,0.058,0.087,False,False,False,False,False,reservoir,,,6,summer,17
2017-06-01,4,영천호(죽장천),Yeongcheon Reservoir (Jukjangcheon),Yeongcheon/Pohang-region tributary system,20.0,7.7,0.825,115.0,12.1,0.8,0.0125366,0.8,2.6,,1.7,,,,115.66713156671315,331.8264577720548,232.3105532310553,362.3430962343096,0.103,0.018,False,False,False,True,False,reservoir,,,6,summer,16
2017-06-01,5,합천호,Hapcheon Reservoir,"Hapcheon-gun, Gyeongsangnam-do",11.0,7.4,2.23,123.0,4.3,0.4,0.017227799999999998,0.8,3.3,0.01,1.3,,,,217.15481171548117,613.3655744534406,478.61459786145974,587.2152487215249,0.139,0.085,False,False,False,False,False,reservoir,,,6,summer,17
2017-06-01,6,구미원수,Gumi Raw Water,Gumi WTP influent/raw water,24.0,7.7,4.5,277.0,9.12,0.8,0.020737600000000002,1.4,5.3,,3.0,,,,211.9479311947931,1066.8254239007679,814.504881450488,446.21106462110646,0.093,0.118,False,False,False,True,False,treatment,Gumi,raw,6,summer,16
2017-06-01,7,구미침전수,Gumi Settled Water,Gumi After sedimentation,24.0,7.4,0.3,277.0,9.1,,0.016696100000000002,,,,2.26,,,,188.9818688981869,637.4823311864354,645.6531845653184,356.6713156671315,0.065,0.08,False,False,False,False,False,treatment,Gumi,settled,6,summer,13
2017-06-01,8,구미여과수,Gumi Filtered Water,Gumi After filtration,24.0,7.3,0.06,277.0,9.1,,0.019875900000000002,,,,2.199,,,,200.976290097629,614.8180384325138,677.1269177126917,350.3486750348675,0.044,0.038,False,False,False,False,False,treatment,Gumi,filtered,6,summer,13
2017-06-01,9,구미오존처리수,Gumi Ozonated Water,Gumi ozonated Water,24.0,7.3,0.06,277.0,9.1,,0.0165705,,,,2.111,,,,190.2835890283589,591.3208972570898,658.0195258019526,361.4597861459786,0.06,0.041,False,False,False,False,False,treatment,Gumi,ozonated,6,summer,13
2017-06-01,10,구미GAC처리수,Gumi GAC-Treated Water,Gumi After granular activated carbon,24.0,7.2,0.06,277.0,9.1,,0.022878799999999998,,,,1.87,,,,139.0051139005114,535.5568648206029,556.2529056252905,271.22268712226867,0.047,0.031,False,False,False,False,False,treatment,Gumi,GAC,6,summer,13
2017-06-01,11,구미정수,Gumi Finished Water,Gumi Final treated drinking water,24.0,7.2,0.06,277.0,9.1,,0.0130186,,,,1.722,,,,139.0516039051604,528.109628926765,560.9483960948396,351.3249651324965,0.048,0.032,False,False,False,False,False,treatment,Gumi,finished,6,summer,13
2017-06-01,12,고령침전수,Goryeong Settled Water,Goryeong setted water/sedimentation,23.0,7.3,0.65,378.0,,,0.048635199999999996,,,,2.176,,,,177.49883774988376,604.4719642242862,659.9721059972105,304.18410041841,0.056,0.043,False,False,False,False,False,treatment,Goryeong,settled,6,summer,12
2017-06-01,13,고령여과수,Goryeong Filtered Water,Goryeong filtered water,23.0,7.2,0.07,378.0,,,0.0457862,,,,2.355,,,,196.46675964667594,616.5078011412259,623.0590423059042,312.1803812180381,0.061,0.05,False,False,False,False,False,treatment,Goryeong,filtered,6,summer,12
2017-06-01,14,고령오존처리수,Goryeong Ozonated Water,Goryeong  ozonated water,23.0,7.2,0.07,378.0,,,0.0499872,,,,2.122,,,,211.5295211529521,573.3266826798905,674.6629474662948,412.1338912133891,0.057,0.039,False,False,False,False,False,treatment,Goryeong,ozonated,6,summer,12
2017-06-01,15,고령GAC처리수,Goryeong GAC-Treated Water,Goryeong GAC treated water,23.0,7.2,0.07,378.0,,,0.0566688,,,,1.527,,,,72.24546722454672,513.1163799783046,555.5090655509065,252.25476522547652,0.041,0.018,False,False,False,False,False,treatment,Goryeong,GAC,6,summer,12
2017-06-01,16,고령정수,Goryeong Finished Water,Goryeong Final treated drinking water,23.0,7.1,0.07,378.0,,,0.022609999999999998,,,,1.642,,,,76.10413761041376,504.6070460704607,527.0571827057182,368.52626685262663,0.061,0.032,False,False,False,False,False,treatment,Goryeong,finished,6,summer,12
2017-06-01,17,반송오존처리수,Bansong Ozonated Water,Bansong ozonated water,24.3,8.6,16.2,414.0,,,0.0964068,,,,2.997,,,,188.9818688981869,637.4823311864354,645.6531845653184,356.6713156671315,0.085,0.095,False,False,False,False,False,treatment,Bansong,ozonated,6,summer,12
2017-06-01,18,반송침전수,Bansong Settled Water,Bansong setted water/sedimentation,24.2,7.5,0.26,414.0,,,0.039062,,,,2.8,,,,200.976290097629,614.8180384325138,677.1269177126917,350.3486750348675,0.075,0.079,False,False,False,False,False,treatment,Bansong,settled,6,summer,12
2017-06-01,19,반송F/A처리수,Bansong F/A-Treated Water,Bansong F/A treated water,24.1,7.3,0.1,414.0,,,0.0464665,,,,1.998,,,,190.2835890283589,591.3208972570898,658.0195258019526,361.4597861459786,0.121,0.025,False,False,False,False,False,treatment,Bansong,F/A,6,summer,12
2017-06-01,20,반송정수,Bansong Finished Water,Bansong Final treated drinking water,23.4,7.1,0.08,414.0,,,0.0328713,,,,1.953,,,,139.0051139005114,535.5568648206029,556.2529056252905,271.22268712226867,0.055,0.039,False,False,False,False,False,treatment,Bansong,finished,6,summer,12
2017-07-01,M1,안동호,Andong Reservoir,"Andong, Gyeongsangbuk-do; upper Nakdong basin",14.0,7.3,0.281,250.0,7.3,0.2,0.0179393,0.4,4.0,0.04,2.4,2.31636175566879,3.668121160506734,727.0,283.44955834495585,1631.9037834543772,868.4797768479776,695.9553695955369,0.056,0.058,False,False,False,False,False,main_stem,,,7,summer,20
2017-07-01,M2,임하호,Imha Reservoir,"Andong, Gyeongsangbuk-do; Banbyeoncheon/upper Nakdong basin",19.7,7.4,0.32,240.0,7.4,1.6,0.0178675,0.3,5.3,0.02,3.4,2.5169774123952178,3.5710332389765242,729.0,362.7615062761506,1617.575982478267,869.1771269177127,322.6871222687122,0.088,0.142,False,False,False,False,False,main_stem,,,7,summer,20
2017-07-01,M3,예천,Yecheon,"Yecheon-gun, Gyeongsangbuk-do; upper Nakdong River",25.0,7.58,0.335,217.7,7.71,24.0,0.016569,0.8,4.8,0.01,4.6,1.3618331002562458,2.433626459273575,696.0,385.7740585774058,900.5434632947644,594.188749418875,940.3068340306833,0.147,0.301,False,False,False,False,False,main_stem,,,7,summer,20
2017-07-01,M4,상주,Sangju,"Sangju-si, Gyeongsangbuk-do; upper–middle Nakdong",22.9,7.43,0.556,153.3,7.85,7.6,0.0140918,0.4,4.7,0.005,3.6,3.625706202204408,3.7569211582511857,582.0,211.7154811715481,3252.0945969724075,558.2054858205486,403.672710367271,0.126,0.219,False,False,False,False,False,main_stem,,,7,summer,20
2017-07-01,M5,낙단보,Nakdan Weir,"Sangju area, Gyeongsangbuk-do; Nakdong main stem",25.7,7.48,1.002,196.7,8.24,17.0,0.019585599999999998,0.9,5.4,0.03,3.1,3.984980144317288,4.398711431264525,634.0,285.9135285913529,3422.115916267925,759.1352859135286,615.6671315667131,0.117,0.193,False,False,False,False,False,main_stem,,,7,summer,20
2017-07-01,M6,해평,Haepyeong,"Gumi-si, Gyeongsangbuk-do; Nakdong main stem",26.0,7.0,0.874,157.0,8.57,8.4,0.0153124,0.8,5.0,0.02,3.7,3.4781773050143725,4.90476785875,743.0,126.96420269642026,1449.3621726292472,734.8675034867504,413.3891213389121,0.124,0.218,False,False,False,False,False,main_stem,,,7,summer,20
2017-07-01,M7,구미,Gumi,"Gumi-si, Gyeongsangbuk-do; Nakdong main stem",27.4,7.69,1.62,184.5,8.56,5.0,0.021666,1.0,5.4,0.01,3.2,2.9972376041318864,3.979261990519555,581.0,152.34774523477452,2371.099571347421,488.14504881450483,1234.5885634588562,0.102,0.171,False,False,False,False,False,main_stem,,,7,summer,20
2017-07-01,M8,왜관,Waegwan,"Waegwan-eup, Chilgok-gun, Gyeongsangbuk-do",27.4,7.69,0.1,184.1,8.37,6.6,0.021474,0.8,5.5,0.005,3.4,2.908904914285714,4.498657976705803,751.0,146.39702463970247,1611.8909322619559,767.6429567642956,1090.6555090655509,0.113,0.193,False,False,False,False,False,main_stem,,,7,summer,20
2017-07-01,M9,고령원수,Goryeong Raw Water,Raw-water sample associated with Goryeong WTP,26.0,7.3,0.991,191.0,8.85,4.8,0.024037,0.6,4.8,0.005,3.5,3.246322238846775,4.697474807590639,738.0,116.92236169223617,1795.6429668063192,754.4397954439796,905.253370525337,0.118,0.2,False,False,False,False,False,main_stem,Goryeong,raw,7,summer,20
2017-07-01,M10,달성,Dalseong,Daegu/Dalseong area; Nakdong main stem,28.1,7.45,0.221,234.5,8.61,9.0,0.030238,0.8,5.6,0.005,3.6,3.32091108233533,4.935479238105691,758.0,152.99860529986051,1821.3122913369052,823.1055323105531,753.6029753602975,0.111,0.21,False,False,False,False,False,main_stem,,,7,summer,20
2017-07-01,M11,고령,Goryeong,Goryeong-gun area; Nakdong River,28.1,7.36,0.82,194.5,7.87,9.2,0.029008600000000002,0.8,6.5,0.02,3.4,3.0386398263916696,3.663127668451006,676.0,376.52254765225473,1797.162533181322,1311.994421199442,947.2803347280335,0.115,0.188,False,False,False,False,False,main_stem,,,7,summer,20
2017-07-01,M12,용산,Yongsan,"Lower-middle Nakdong, Changnyeong reach",29.6,7.96,0.994,283.9,8.73,4.8,0.03883229999999999,1.7,5.4,0.01,3.1,2.0505904329896905,3.4803563573777683,586.0,89.6792189679219,697.4544416563386,293.58437935843796,770.1999070199906,0.11,0.148,False,False,False,False,False,main_stem,,,7,summer,20
2017-07-01,M13,남지,Namji,"Namji-eup, Changnyeong-gun, Gyeongsangnam-do",29.7,8.34,0.991,260.1,9.29,6.6,0.0392878,1.7,4.0,0.02,3.2,2.1070852166488794,4.023067322469982,700.0,612.598791259879,1240.06485602062,653.7889353788935,1196.187819618782,0.116,0.154,False,False,False,False,False,main_stem,,,7,summer,20
2017-07-01,M14,반송원수,Bansong Raw Water,"Raw-water source for Bansong WTP, Changwon system",30.3,7.3,16.3,332.0,8.73,1.8,0.042508000000000004,0.9,3.8,0.005,3.4,3.326625379988432,4.499311099842147,745.0,258.06601580660157,1525.8503463432125,891.3993491399349,369.40957694095766,0.122,0.174,False,False,False,False,False,main_stem,Bansong,raw,7,summer,20
2017-07-01,M15,삼량진,Samnangjin,"Miryang-si, Gyeongsangnam-do; lower Nakdong",29.3,8.61,0.09,235.7,8.88,7.4,0.0375865,2.2,6.2,0.03,3.4,3.0394053782718826,4.3479657265920135,718.0,292.1896792189679,1502.9299702235612,888.098558809856,431.14830311483024,0.127,0.183,False,False,False,False,False,main_stem,,,7,summer,20
2017-07-01,M16,물금,Mulgeum,"Yangsan-si, Gyeongsangnam-do; lower Nakdong",29.7,8.07,2.002,256.3,8.32,6.6,0.0332994,2.1,4.1,0.03,3.7,3.074783465944272,4.363282996999812,720.0,311.9479311947931,1619.514939750378,968.4332868433286,452.2082752208275,0.128,0.198,False,False,False,False,False,main_stem,,,7,summer,20
2017-07-01,M17,구포,Gupo,Busan; lower Nakdong River,27.1,8.56,2.001,292.0,8.49,7.0,0.0325144,2.9,5.6,0.07,3.6,2.7815297482870536,4.03579088420859,713.0,440.7252440725244,1649.9255761874706,981.9153881915387,649.4188749418875,0.133,0.192,False,False,False,False,False,main_stem,,,7,summer,20
2017-07-01,M18,하구둑,Nakdong River Estuary Barrage,Busan; river mouth,27.0,7.2,0.445,399.0,6.7,4.0,0.11036109999999999,2.0,5.8,0.02,3.5,2.5739678189497397,3.9390859003488883,688.0,388.47047884704784,1391.1188378792792,922.2222222222222,516.7364016736401,0.134,0.147,False,False,False,False,False,main_stem,,,7,summer,20
2017-07-01,T1,위천6,Wicheon 6,"Wicheon tributary, Gyeongsangbuk-do",28.9,7.52,1.555,206.3,6.95,20.6,0.0230519,2.8,7.8,0.05,5.5,3.6338573495132684,3.9494108421187786,584.0,179.6838679683868,2301.4133913512555,441.0041841004184,349.27940492794045,0.151,0.347,False,False,False,False,False,tributary,,,7,summer,20
2017-07-01,T2,감천2-1,Gamcheon 2-1,"Gamcheon tributary, near Gimcheon/Gumi",27.1,7.51,1.952,224.8,7.27,16.4,0.0215978,1.0,5.3,0.02,3.2,2.4105225683160523,3.335309600519799,575.0,180.0092980009298,1940.0682320440524,399.99999999999994,883.9609483960948,0.114,0.177,False,False,False,False,False,tributary,,,7,summer,20
2017-07-01,T3,금호강6,Geumho River 6,"Lower Geumho River, Daegu",29.6,8.08,1.5,757.6,8.91,10.8,0.0,3.2,10.9,0.14,4.7,1.5082676650215916,4.214096788113695,662.0,129.38168293816827,373.0393673999277,256.4853556485356,684.1469084146908,0.148,0.208,False,False,False,False,False,tributary,,,7,summer,20
2017-07-01,T4,회천2-1,Hoecheon 2-1,"Hoecheon tributary, Goryeong area",29.6,7.66,0.992,308.9,8.27,4.8,0.047864699999999996,1.5,7.0,0.005,3.1,3.3151212000000005,4.710380694483857,733.0,158.11250581125057,1734.6096483386905,795.0255695025569,620.2231520223152,0.104,0.135,False,False,False,False,False,tributary,,,7,summer,20
2017-07-01,T5,황강5,Hwang River 5,"Hwanggang tributary, Gyeongsangnam-do",28.3,7.98,0.662,163.0,8.0,3.2,0.0213214,0.3,3.8,0.005,1.4,1.8353792089084062,3.769991118471472,687.0,480.89260808926076,966.2161224074418,546.9549046954904,889.4467689446769,0.043,0.045,False,False,False,False,False,tributary,,,7,summer,20
2017-07-01,T6,밀양강3,Miryang River 3,"Miryang River, Miryang-si",31.5,9.18,1.852,242.7,11.31,10.0,0.0440107,1.6,5.3,0.34,3.9,2.901712242146804,3.485123588312098,633.0,423.3379823337982,1133.8584414201052,733.8912133891213,388.60994886099485,0.134,0.172,False,False,False,False,False,tributary,,,7,summer,20
2017-07-01,1,밀양호,Miryang Reservoir,"Miryang, Gyeongsangnam-do",12.0,6.9,0.1,55.0,9.4,0.8,0.016066900000000002,0.5,4.3,,4.8,,,,248.25662482566247,451.50059403894824,271.9665271966527,303.579730357973,0.033,0.037,False,False,False,True,False,reservoir,,,7,summer,16
2017-07-01,2,운문호,Unmun Reservoir,"Cheongdo-gun, Gyeongsangbuk-do",14.0,7.6,0.662,81.0,5.1,1.2,0.0209393,0.5,4.0,0.01,2.4,,,,145.37424453742443,611.7417795027668,502.603440260344,216.22501162250114,0.046,0.058,False,False,False,False,False,reservoir,,,7,summer,17
2017-07-01,3,남강호,Namgang Reservoir / Namgang Dam Reservoir,"Jinju area, Gyeongsangnam-do",26.0,7.9,0.452,131.0,5.8,3.0,0.0194382,1.8,4.3,0.32,3.5,,,,313.8075313807531,1384.6965235807634,889.1678289167829,489.6327289632729,0.104,0.159,False,False,False,False,False,reservoir,,,7,summer,17
2017-07-01,4,영천호(죽장천),Yeongcheon Reservoir (Jukjangcheon),Yeongcheon/Pohang-region tributary system,23.0,7.7,0.221,140.0,8.8,1.8,0.0233627,0.8,2.5,0.24,1.8,,,,134.91399349139934,1867.7948450424747,786.9827986982799,519.6187819618782,0.045,0.062,False,False,False,False,False,reservoir,,,7,summer,17
2017-07-01,5,합천호,Hapcheon Reservoir,"Hapcheon-gun, Gyeongsangnam-do",13.0,7.6,0.741,128.0,4.9,3.4,0.0141449,1.5,3.6,0.11,1.4,,,,290.93444909344487,1345.2016161600955,855.1371455137145,914.504881450488,0.085,0.118,False,False,False,False,False,reservoir,,,7,summer,17
2017-07-01,6,구미원수,Gumi Raw Water,Gumi WTP influent/raw water,26.0,7.0,18.63,157.0,8.57,8.4,0.0153124,0.8,5.0,0.02,3.7,,,,126.96420269642026,1449.3621726292472,734.8675034867504,413.3891213389121,0.124,0.218,False,False,False,False,False,treatment,Gumi,raw,7,summer,17
2017-07-01,7,구미침전수,Gumi Settled Water,Gumi After sedimentation,26.0,7.0,0.5,157.0,8.6,,0.0123775,,,,2.36,,,,42.25941422594142,853.997899858868,677.0339377033938,383.8679683867968,0.063,0.094,False,False,False,False,False,treatment,Gumi,settled,7,summer,13
2017-07-01,8,구미여과수,Gumi Filtered Water,Gumi After filtration,26.0,6.9,0.1,157.0,8.6,,0.0102316,,,,2.395,,,,95.76940957694096,733.3284882211863,806.415620641562,436.8665736866574,0.057,0.08,False,False,False,False,False,treatment,Gumi,filtered,7,summer,13
2017-07-01,9,구미오존처리수,Gumi Ozonated Water,Gumi ozonated Water,26.0,6.9,0.1,157.0,8.6,,0.0138133,,,,2.187,,,,76.61552766155276,726.2075800595527,673.2682473268246,445.8856345885634,0.064,0.089,False,False,False,False,False,treatment,Gumi,ozonated,7,summer,13
2017-07-01,10,구미GAC처리수,Gumi GAC-Treated Water,Gumi After granular activated carbon,26.0,6.8,0.1,157.0,8.6,,0.0137394,,,,1.711,,,,66.71315667131566,628.1667168431034,638.0753138075313,306.88052068805206,0.037,0.039,False,False,False,False,False,treatment,Gumi,GAC,7,summer,13
2017-07-01,11,구미정수,Gumi Finished Water,Gumi Final treated drinking water,26.0,6.8,0.1,157.0,8.6,,0.010729200000000001,,,,1.829,,,,24.221292422129242,617.6347767681202,586.7968386796838,231.0553231055323,0.039,0.044,False,False,False,False,False,treatment,Gumi,finished,7,summer,13
2017-07-01,12,고령침전수,Goryeong Settled Water,Goryeong setted water/sedimentation,26.0,7.3,0.35,195.0,,,0.019562,,,,2.345,,,,72.80334728033472,844.7625983719205,649.8837749883775,342.7708042770804,0.052,0.07,False,False,False,False,False,treatment,Goryeong,settled,7,summer,12
2017-07-01,13,고령여과수,Goryeong Filtered Water,Goryeong filtered water,26.0,7.2,0.1,195.0,,,0.016918600000000002,,,,2.359,,,,75.45327754532775,751.6437537358039,827.7545327754532,476.7549976754998,0.053,0.074,False,False,False,False,False,treatment,Goryeong,filtered,7,summer,12
2017-07-01,14,고령오존처리수,Goryeong Ozonated Water,Goryeong  ozonated water,26.0,7.2,0.1,195.0,,,0.0216732,,,,2.186,,,,99.76754997675499,709.63355812469,765.3649465364947,327.0106927010692,0.061,0.064,False,False,False,False,False,treatment,Goryeong,ozonated,7,summer,12
2017-07-01,15,고령GAC처리수,Goryeong GAC-Treated Water,Goryeong GAC treated water,26.0,7.1,0.09,200.0,,,0.0263408,,,,3.212,,,,67.59646675964667,606.3619005233778,622.3152022315202,260.4834960483496,0.044,0.043,False,False,False,False,False,treatment,Goryeong,GAC,7,summer,12
2017-07-01,16,고령정수,Goryeong Finished Water,Goryeong Final treated drinking water,26.0,7.1,0.1,200.0,,,0.0158155,,,,1.688,,,,42.49186424918642,584.9142067483014,576.5690376569037,566.0622966062297,0.035,0.036,False,False,False,False,False,treatment,Goryeong,finished,7,summer,12
2017-07-01,17,반송오존처리수,Bansong Ozonated Water,Bansong ozonated water,29.9,7.4,18.1,332.0,,,0.0462838,,,,3.314,,,,182.65922826592282,1369.8888407142497,840.6322640632264,334.86750348675037,0.096,0.175,False,False,False,False,False,treatment,Bansong,ozonated,7,summer,12
2017-07-01,18,반송침전수,Bansong Settled Water,Bansong setted water/sedimentation,29.9,7.1,0.1,355.0,,,0.0301732,,,,2.547,,,,87.58716875871687,743.918915036706,830.6369130636913,353.2775453277545,0.06,0.071,False,False,False,False,False,treatment,Bansong,settled,7,summer,12
2017-07-01,19,반송F/A처리수,Bansong F/A-Treated Water,Bansong F/A treated water,29.0,7.0,0.1,355.0,,,0.0328125,,,,2.196,,,,109.3909809390981,697.2209434629256,722.0827522082752,1132.2640632264063,0.047,0.038,False,False,False,False,False,treatment,Bansong,F/A,7,summer,12
2017-07-01,20,반송정수,Bansong Finished Water,Bansong Final treated drinking water,28.8,7.0,0.1,355.0,,,0.0182211,,,,2.253,,,,116.17852161785216,675.7556677249219,735.5648535564852,365.31845653184564,0.052,0.049,False,False,False,False,False,treatment,Bansong,finished,7,summer,12
2017-08-01,M1,안동호,Andong Reservoir,"Andong, Gyeongsangbuk-do; upper Nakdong basin",16.0,7.4,1.61,271.0,4.5,0.2,0.013758699999999999,0.9,3.7,0.03,2.7,2.995905107647699,3.7712426675863506,737.0,194.28172942817295,937.8389233311416,632.6359832635983,311.0181311018131,0.072,0.098,False,False,False,False,False,main_stem,,,8,summer,20
2017-08-01,M2,임하호,Imha Reservoir,"Andong, Gyeongsangbuk-do; Banbyeoncheon/upper Nakdong basin",20.0,7.4,0.669,257.0,6.0,2.4,0.0078209,1.0,4.9,0.03,4.1,2.288108461832061,3.4058481904916436,727.0,329.70711297071125,1911.3573523003615,981.5899581589958,424.8256624825662,0.127,0.21,False,False,False,False,False,main_stem,,,8,summer,20
2017-08-01,M3,예천,Yecheon,"Yecheon-gun, Gyeongsangbuk-do; upper Nakdong River",26.9,7.95,1.7,235.5,7.96,3.0,0.0143926,0.7,4.6,0.04,3.2,3.2712194011627904,4.0330362870139504,741.0,125.66248256624824,1494.1824400151143,808.275220827522,378.24267782426773,0.119,0.182,False,False,False,False,False,main_stem,,,8,summer,20
2017-08-01,M4,상주,Sangju,"Sangju-si, Gyeongsangbuk-do; upper–middle Nakdong",27.2,7.84,1.7,202.4,7.93,2.0,0.0137292,0.5,4.3,0.03,3.1,2.8806382006721076,4.371541449852725,743.0,134.68154346815433,1367.376763681694,716.3644816364482,442.8172942817294,0.109,0.179,False,False,False,False,False,main_stem,,,8,summer,20
2017-08-01,M5,낙단보,Nakdan Weir,"Sangju area, Gyeongsangbuk-do; Nakdong main stem",27.1,7.55,4.86,173.5,8.04,5.0,0.0134414,0.8,5.5,0.03,3.5,3.6215800792758186,4.546598976631441,746.0,100.278940027894,1829.976261984817,847.8382147838214,406.64807066480705,0.139,0.204,False,False,False,False,False,main_stem,,,8,summer,20
2017-08-01,M6,해평,Haepyeong,"Gumi-si, Gyeongsangbuk-do; Nakdong main stem",27.0,7.4,11.34,193.7,8.55,3.8,0.0142676,0.8,4.6,0.005,3.5,3.5235569640718563,4.57601863227446,747.0,96.09483960948397,1769.5436690071438,864.6211064621106,398.74476987447696,0.062,0.2,False,False,False,False,False,main_stem,,,8,summer,20
2017-08-01,M7,구미,Gumi,"Gumi-si, Gyeongsangbuk-do; Nakdong main stem",28.6,8.14,7.34,186.7,9.61,1.2,0.0162389,0.8,5.4,0.07,3.4,3.4318372897710807,4.579221219376906,753.0,140.49279404927938,1625.6030541832836,883.0776383077638,368.43328684332863,0.133,0.17,False,False,False,False,False,main_stem,,,8,summer,20
2017-08-01,M8,왜관,Waegwan,"Waegwan-eup, Chilgok-gun, Gyeongsangbuk-do",28.4,6.85,5.13,192.0,8.69,4.4,0.0163662,0.6,5.2,0.02,3.5,3.6347352776917656,4.499983644914014,754.0,103.16132031613202,1744.6447408477227,903.998140399814,403.951650395165,0.127,0.198,False,False,False,False,False,main_stem,,,8,summer,20
2017-08-01,M9,고령원수,Goryeong Raw Water,Raw-water sample associated with Goryeong WTP,26.0,7.3,10.55,192.0,8.54,6.2,0.0188219,1.2,4.4,0.005,3.9,3.863634991166776,4.4435142488805095,763.0,110.3672710367271,1905.9000434472864,913.2961413296141,397.629009762901,0.127,0.24,False,False,False,False,False,main_stem,Goryeong,raw,8,summer,20
2017-08-01,M10,달성,Dalseong,Daegu/Dalseong area; Nakdong main stem,28.4,5.15,10.4,188.9,9.61,4.2,0.0176148,0.6,5.2,0.005,3.9,3.631455855436675,4.449764517137615,753.0,149.6048349604835,2031.5476392479015,993.6773593677358,437.0525337052533,0.146,0.232,False,False,False,False,False,main_stem,,,8,summer,20
2017-08-01,M11,고령,Goryeong,Goryeong-gun area; Nakdong River,28.8,7.79,14.6,231.1,9.52,1.2,0.023692900000000003,1.1,5.8,0.02,3.8,3.6295407154678547,4.818221407260763,765.0,118.31706183170617,1799.4234525907862,957.8800557880055,235.23942352394232,0.137,0.214,False,False,False,False,False,main_stem,,,8,summer,20
2017-08-01,M12,용산,Yongsan,"Lower-middle Nakdong, Changnyeong reach",28.7,7.88,6.24,250.7,9.36,1.6,0.0243493,0.8,4.4,0.02,3.4,3.6088775226963854,4.31040112829175,725.0,141.7480241748024,1798.8528142096343,841.4225941422594,477.40585774058576,0.118,0.161,False,False,False,False,False,main_stem,,,8,summer,20
2017-08-01,M13,남지,Namji,"Namji-eup, Changnyeong-gun, Gyeongsangnam-do",29.6,7.83,8.38,227.9,8.92,0.8,0.0276395,0.7,4.2,0.03,3.6,3.9762615935597343,4.821160990791139,755.0,229.05625290562526,1706.1003388418767,928.4053928405392,462.2501162250116,0.107,0.196,False,False,False,False,False,main_stem,,,8,summer,20
2017-08-01,M14,반송원수,Bansong Raw Water,"Raw-water source for Bansong WTP, Changwon system",28.2,7.3,12.1,280.0,8.42,4.2,0.0288651,0.6,4.2,0.005,3.6,3.486235610748969,4.597383140858037,732.0,192.8870292887029,1634.601896286036,855.9274755927476,447.51278475127845,0.129,0.198,False,False,False,False,False,main_stem,Bansong,raw,8,summer,20
2017-08-01,M15,삼량진,Samnangjin,"Miryang-si, Gyeongsangnam-do; lower Nakdong",29.0,7.77,10.3,233.1,8.29,2.4,0.0296371,1.1,5.5,0.01,3.5,3.3248380073913597,4.469364128759124,729.0,201.39470013947,1731.7690340323445,951.2784751278474,552.1617852161785,0.129,0.188,False,False,False,False,False,main_stem,,,8,summer,20
2017-08-01,M16,물금,Mulgeum,"Yangsan-si, Gyeongsangnam-do; lower Nakdong",29.3,8.08,8.79,246.6,8.42,1.4,0.031875,1.1,4.1,0.005,3.5,3.472901322669464,4.335135326489825,722.0,197.11761971176196,1678.7356914859345,947.8382147838215,500.27894002789395,0.123,0.19,False,False,False,False,False,main_stem,,,8,summer,20
2017-08-01,M17,구포,Gupo,Busan; lower Nakdong River,28.0,8.17,5.9,245.3,7.75,1.2,0.028857,0.9,5.5,0.02,3.6,3.4367810532591414,4.572803367315176,736.0,137.28498372849836,1677.4288732435923,919.5722919572291,426.54579265457926,0.134,0.163,False,False,False,False,False,main_stem,,,8,summer,20
2017-08-01,M18,하구둑,Nakdong River Estuary Barrage,Busan; river mouth,28.3,7.6,3.62,232.3,8.0,1.6,0.0322545,2.0,5.8,0.04,3.8,3.3361099713428857,4.354419965774368,709.0,306.64807066480705,1894.2826977721536,1068.3403068340306,580.0557880055787,0.131,0.218,False,False,False,False,False,main_stem,,,8,summer,20
2017-08-01,T1,위천6,Wicheon 6,"Wicheon tributary, Gyeongsangbuk-do",29.9,7.79,2.44,292.2,8.21,1.8,0.032779699999999995,0.7,7.4,0.03,4.8,3.3679384985378644,4.553068602167755,745.0,107.94979079497908,2430.2391127451574,1243.7935843793584,476.0576476057647,0.189,0.256,False,False,False,False,False,tributary,,,8,summer,20
2017-08-01,T2,감천2-1,Gamcheon 2-1,"Gamcheon tributary, near Gimcheon/Gumi",27.7,7.58,1.78,224.5,7.44,4.4,0.020010200000000002,0.5,5.0,0.02,3.6,3.7924412924455435,4.470780935559783,731.0,97.16410971641096,1553.3409710960188,790.8879590887959,350.6276150627615,0.119,0.189,False,False,False,False,False,tributary,,,8,summer,20
2017-08-01,T3,금호강6,Geumho River 6,"Lower Geumho River, Daegu",30.0,7.86,10.0,549.7,8.17,3.4,0.0,0.3,7.5,0.05,4.0,3.733640095346197,4.484508076939248,696.0,176.19711761971175,1686.3986573888944,1111.436541143654,570.8042770804277,0.144,0.193,False,False,False,False,False,tributary,,,8,summer,20
2017-08-01,T4,회천2-1,Hoecheon 2-1,"Hoecheon tributary, Goryeong area",29.3,7.93,9.62,229.8,9.45,1.2,0.0223672,0.8,6.1,0.03,3.6,3.774504281368821,4.579473162577288,737.0,146.35053463505346,1783.3533487515374,894.9325894932589,357.46164574616455,0.135,0.209,False,False,False,False,False,tributary,,,8,summer,20
2017-08-01,T5,황강5,Hwang River 5,"Hwanggang tributary, Gyeongsangnam-do",30.8,7.9,3.94,161.9,7.79,0.6,0.0182857,0.5,4.2,0.02,1.9,3.272437236051502,4.2754738185666765,690.0,159.78614597861457,850.3597388929493,502.04556020455595,312.59879125987914,0.069,0.096,False,False,False,False,False,tributary,,,8,summer,20
2017-08-01,T6,밀양강3,Miryang River 3,"Miryang River, Miryang-si",29.7,8.15,0.623,209.7,8.77,0.8,0.0219967,0.7,4.9,0.03,2.9,3.8143049836845684,4.213534684393154,689.0,149.8837749883775,1318.6140416926924,744.6304044630403,452.0688052068805,0.096,0.14,False,False,False,False,False,tributary,,,8,summer,20
2017-08-01,1,밀양호,Miryang Reservoir,"Miryang, Gyeongsangnam-do",13.5,6.9,1.12,55.0,9.3,0.2,0.0149886,0.9,4.7,,2.0,,,,163.22640632264063,524.6178394931629,311.7619711761971,414.36541143654114,0.039,0.048,False,False,False,True,False,reservoir,,,8,summer,16
2017-08-01,2,운문호,Unmun Reservoir,"Cheongdo-gun, Gyeongsangbuk-do",14.5,6.9,1.37,88.0,4.1,0.2,0.018316,0.3,4.2,,2.4,,,,155.13714551371456,545.5774424229128,472.0130172013017,354.7187354718735,0.047,0.053,False,False,False,True,False,reservoir,,,8,summer,16
2017-08-01,3,남강호,Namgang Reservoir / Namgang Dam Reservoir,"Jinju area, Gyeongsangnam-do",28.3,8.8,2.19,132.0,6.0,5.2,0.005389700000000001,0.8,4.7,0.39,3.8,,,,700.697350069735,1225.0704697058884,728.6378428637843,469.36308693630866,0.11,0.149,False,False,False,False,False,reservoir,,,8,summer,17
2017-08-01,4,영천호(죽장천),Yeongcheon Reservoir (Jukjangcheon),Yeongcheon/Pohang-region tributary system,22.0,7.1,1.99,153.0,7.9,0.8,0.0132213,0.2,3.2,,1.9,,,,95.72291957229196,977.6607770986933,370.38586703858664,286.1924686192468,0.068,0.091,False,False,False,True,False,reservoir,,,8,summer,16
2017-08-01,5,합천호,Hapcheon Reservoir,"Hapcheon-gun, Gyeongsangnam-do",17.7,7.9,2.16,131.3,5.8,1.8,0.0152584,3.5,4.5,0.15,1.2,,,,469.22361692236166,736.4892992834126,514.9697814969782,281.45048814504884,0.069,0.091,False,False,False,False,False,reservoir,,,8,summer,17
2017-08-01,6,구미원수,Gumi Raw Water,Gumi WTP influent/raw water,27.0,7.4,11.34,193.7,8.55,3.8,0.0142676,0.8,4.6,0.01,3.5,,,,96.09483960948397,1769.5436690071438,864.6211064621106,398.74476987447696,0.062,0.2,False,False,False,False,False,treatment,Gumi,raw,8,summer,17
2017-08-01,7,구미침전수,Gumi Settled Water,Gumi After sedimentation,27.0,7.3,0.48,191.5,8.6,,0.0094572,,,,2.847,,,,81.49697814969781,560.1115760111576,539.7489539748954,384.4258484425848,0.066,0.087,False,False,False,False,False,treatment,Gumi,settled,8,summer,13
2017-08-01,8,구미여과수,Gumi Filtered Water,Gumi After filtration,27.0,7.3,0.05,190.3,8.6,,0.0106634,,,,2.684,,,,73.64016736401673,445.2347745234774,609.716410971641,561.5062761506275,0.062,0.074,False,False,False,False,False,treatment,Gumi,filtered,8,summer,13
2017-08-01,9,구미오존처리수,Gumi Ozonated Water,Gumi ozonated Water,27.0,7.2,0.07,189.7,8.6,,0.012225699999999999,,,,2.64,,,,75.08135750813575,461.22733612273356,581.4039981403998,500.325430032543,0.058,0.059,False,False,False,False,False,treatment,Gumi,ozonated,8,summer,13
2017-08-01,10,구미GAC처리수,Gumi GAC-Treated Water,Gumi After granular activated carbon,27.0,7.1,0.08,193.4,8.6,,0.0117514,,,,2.234,,,,39.098093909809386,389.9116689911669,527.3826127382612,408.3682008368201,0.045,0.048,False,False,False,False,False,treatment,Gumi,GAC,8,summer,13
2017-08-01,11,구미정수,Gumi Finished Water,Gumi Final treated drinking water,27.0,7.0,0.08,187.4,8.6,,0.0029035000000000003,,,,2.222,,,,40.6322640632264,420.704189662738,484.79776847977683,438.35425383542537,0.044,0.06,False,False,False,False,False,treatment,Gumi,finished,8,summer,13
2017-08-01,12,고령침전수,Goryeong Settled Water,Goryeong setted water/sedimentation,26.0,7.3,0.52,195.0,,,0.0110625,,,,2.806,,,,63.08693630869362,537.7033937703394,689.0748489074848,496.60622966062294,0.063,0.086,False,False,False,False,False,treatment,Goryeong,settled,8,summer,12
2017-08-01,13,고령여과수,Goryeong Filtered Water,Goryeong filtered water,26.0,7.2,0.07,195.0,,,0.0104962,,,,2.761,,,,64.80706648070664,560.7266540698041,685.9600185960019,480.14876801487674,0.06,0.091,False,False,False,False,False,treatment,Goryeong,filtered,8,summer,12
2017-08-01,14,고령오존처리수,Goryeong Ozonated Water,Goryeong  ozonated water,26.0,7.2,0.07,195.0,,,0.0130376,,,,2.631,,,,61.366806136680616,534.0306834030683,652.4872152487214,538.3077638307764,0.054,0.054,False,False,False,False,False,treatment,Goryeong,ozonated,8,summer,12
2017-08-01,15,고령GAC처리수,Goryeong GAC-Treated Water,Goryeong GAC treated water,26.0,7.1,0.06,202.0,,,0.0168197,,,,2.095,,,,16.829381682938166,491.35285913528594,539.1910739191073,451.7898651789865,0.043,0.038,False,False,False,False,False,treatment,Goryeong,GAC,8,summer,12
2017-08-01,16,고령정수,Goryeong Finished Water,Goryeong Final treated drinking water,26.0,7.1,0.06,202.0,,,0.0037779,,,,2.103,,,,19.20037192003719,493.0722530402569,533.5192933519294,425.89493258949324,0.038,0.048,False,False,False,False,False,treatment,Goryeong,finished,8,summer,12
2017-08-01,17,반송오존처리수,Bansong Ozonated Water,Bansong ozonated water,27.6,7.3,11.8,281.0,,,0.030084,,,,3.358,,,,259.73965597396557,1250.9065550906555,854.2073454207344,523.0125523012551,0.082,0.13,False,False,False,False,False,treatment,Bansong,ozonated,8,summer,12
2017-08-01,18,반송침전수,Bansong Settled Water,Bansong setted water/sedimentation,27.6,7.2,0.19,284.0,,,0.0102036,,,,2.695,,,,133.00790330079033,566.9920966992096,801.4876801487679,575.4997675499767,0.053,0.057,False,False,False,False,False,treatment,Bansong,settled,8,summer,12
2017-08-01,19,반송F/A처리수,Bansong F/A-Treated Water,Bansong F/A treated water,27.4,7.0,0.04,289.0,,,0.0185765,,,,2.34,,,,78.89353788935378,529.6606229660623,705.6717805671781,599.9535099953509,0.047,0.052,False,False,False,False,False,treatment,Bansong,F/A,8,summer,12
2017-08-01,20,반송정수,Bansong Finished Water,Bansong Final treated drinking water,28.1,6.9,0.06,289.0,,,0.0099785,,,,2.328,,,,89.49325894932589,565.0860065086006,666.6666666666666,506.13668061366803,0.047,0.061,False,False,False,False,False,treatment,Bansong,finished,8,summer,12
2017-09-01,M1,안동호,Andong Reservoir,"Andong, Gyeongsangbuk-do; upper Nakdong basin",18.0,7.85,0.617,212.0,8.8,0.4,0.014,0.6,2.8,0.04,2.9,2.3422682140608604,3.507304222347483,730.0,325.4765225476522,1161.4024167181105,673.0357973035797,397.954439795444,0.092,0.127,False,False,False,False,False,main_stem,,,9,autumn,20
2017-09-01,M2,임하호,Imha Reservoir,"Andong, Gyeongsangbuk-do; Banbyeoncheon/upper Nakdong basin",21.0,7.85,1.55,200.0,8.8,1.8,0.003,0.4,4.6,0.03,4.6,2.900281203789598,3.936848930816848,776.0,290.0976290097629,2444.0134150648278,1136.5876336587633,678.5216178521617,0.007,,False,False,False,False,False,main_stem,,,9,autumn,19
2017-09-01,M3,예천,Yecheon,"Yecheon-gun, Gyeongsangbuk-do; upper Nakdong River",21.8,7.7,1.54,271.0,8.4,2.2,0.011,0.8,4.1,0.02,2.7,3.0525253611972984,4.121455641946789,736.0,125.52301255230125,1272.5367092687277,691.1204091120409,302.83589028358904,0.113,0.161,False,False,False,False,False,main_stem,,,9,autumn,20
2017-09-01,M4,상주,Sangju,"Sangju-si, Gyeongsangbuk-do; upper–middle Nakdong",21.7,7.44,3.54,231.0,8.2,0.8,0.012,0.4,3.8,0.03,2.5,3.1508702285827086,4.232678666324388,726.0,112.87773128777312,1092.175845234766,597.350069735007,387.4476987447698,0.104,0.153,False,False,False,False,False,main_stem,,,9,autumn,20
2017-09-01,M5,낙단보,Nakdan Weir,"Sangju area, Gyeongsangbuk-do; Nakdong main stem",23.7,8.47,2.56,313.0,9.3,4.0,0.024,0.7,4.7,0.13,2.3,2.8905411282786884,3.9454236392208055,697.0,172.4314272431427,1012.7077255483509,595.258019525802,359.55369595536956,0.109,0.133,False,False,False,False,False,main_stem,,,9,autumn,20
2017-09-01,M6,해평,Haepyeong,"Gumi-si, Gyeongsangbuk-do; Nakdong main stem",24.0,7.9,5.63,246.0,8.9,5.4,0.022,0.6,4.1,0.05,2.4,2.648745748833592,3.759352363028953,687.0,162.25011622501162,1100.5489777144721,649.5118549511855,422.0827522082752,0.097,0.155,False,False,False,False,False,main_stem,,,9,autumn,20
2017-09-01,M7,구미,Gumi,"Gumi-si, Gyeongsangbuk-do; Nakdong main stem",25.2,8.71,1.93,368.0,10.1,3.0,0.048,1.0,5.0,0.14,2.6,2.5205174072164946,4.020853870419094,708.0,210.36727103672712,1093.9429637967755,762.2501162250117,458.2054858205486,0.099,0.131,False,False,False,False,False,main_stem,,,9,autumn,20
2017-09-01,M8,왜관,Waegwan,"Waegwan-eup, Chilgok-gun, Gyeongsangbuk-do",24.5,8.45,1.68,339.0,9.5,2.0,0.035,1.2,4.9,0.08,2.5,2.8301312466666664,3.598154685772115,681.0,202.370990237099,1109.3764300306711,690.9809390980938,425.05811250581127,0.103,0.139,False,False,False,False,False,main_stem,,,9,autumn,20
2017-09-01,M9,고령(취),Goryeong Raw Water,Raw-water sample associated with Goryeong WTP,23.0,7.7,3.3,252.0,8.9,1.0,0.038,0.5,4.1,0.02,2.6,2.6855416435610486,4.084830195667755,681.0,185.44862854486283,1276.2119232101404,701.720130172013,406.88052068805206,0.104,0.127,False,False,False,False,False,main_stem,Goryeong,raw,9,autumn,20
2017-09-01,M10,달성,Dalseong,Daegu/Dalseong area; Nakdong main stem,25.2,8.7,4.29,457.0,10.5,6.8,0.029,0.6,5.3,0.15,2.8,2.986026470334769,3.954730577573824,693.0,271.5016271501627,1279.4195459717253,767.2245467224546,460.62296606229654,0.132,0.168,False,False,False,False,False,main_stem,,,9,autumn,20
2017-09-01,M11,고령,Goryeong,Goryeong-gun area; Nakdong River,26.1,8.77,1.84,487.0,10.4,10.0,0.056,1.6,6.0,0.17,3.3,2.916034894646436,4.095695977356729,674.0,313.5285913528591,1319.11075184022,855.6020455602045,363.64481636448164,0.169,0.216,False,False,False,False,False,main_stem,,,9,autumn,20
2017-09-01,M12,용산,Yongsan,"Lower-middle Nakdong, Changnyeong reach",25.4,9.17,1.84,330.0,11.9,6.0,0.042,2.0,4.1,0.08,3.2,2.664460417313189,4.1406124519806635,712.0,364.6675964667596,1407.3466830281402,927.6150627615062,549.1864249186425,0.131,0.196,False,False,False,False,False,main_stem,,,9,autumn,20
2017-09-01,M13,남지,Namji,"Namji-eup, Changnyeong-gun, Gyeongsangnam-do",25.4,9.33,1.95,288.0,12.6,9.6,0.047,1.4,4.1,0.12,3.2,2.4785952897196264,3.9249081784084785,672.0,431.3807531380753,1409.4947317323588,837.1455137145514,518.5960018596002,0.176,0.238,False,False,False,False,False,main_stem,,,9,autumn,20
2017-09-01,M14,본포,Bansong Raw Water,"Raw-water source for Bansong WTP, Changwon system",24.3,8.7,26.8,325.0,9.1,6.8,0.038,0.9,3.5,0.04,3.1,2.853394459823367,4.14549014240407,712.0,256.99674569967453,1445.285067431238,852.9521152952116,638.2612738261273,0.146,0.218,False,False,False,False,False,main_stem,Bansong,raw,9,autumn,20
2017-09-01,M15,삼량진,Samnangjin,"Miryang-si, Gyeongsangnam-do; lower Nakdong",23.6,9.3,3.06,299.0,10.6,7.8,0.035,1.9,5.3,0.08,3.4,2.6085287521301317,4.113860669385194,716.0,425.89493258949324,1449.0917605361947,865.2719665271965,706.369130636913,0.163,0.226,False,False,False,False,False,main_stem,,,9,autumn,20
2017-09-01,M16,물금,Mulgeum,"Yangsan-si, Gyeongsangnam-do; lower Nakdong",24.3,8.92,1.94,273.0,9.0,2.6,0.033,2.6,4.4,0.06,3.3,2.9965002021511307,4.0449263142595795,705.0,317.6662017666202,1490.7428545095208,868.9446768944675,479.4979079497908,0.137,0.194,False,False,False,False,False,main_stem,,,9,autumn,20
2017-09-01,M17,구포,Gupo,Busan; lower Nakdong River,22.8,8.82,1.9,273.0,9.0,2.8,0.036,2.2,4.6,0.04,3.4,2.8105379213007247,4.115645535314453,707.0,308.32171083217105,1585.7078419415848,922.4081822408182,480.42770804277075,0.15,0.187,False,False,False,False,False,main_stem,,,9,autumn,20
2017-09-01,M18,하구둑,Nakdong River Estuary Barrage,Busan; river mouth,26.0,7.72,0.904,312.0,8.7,1.2,0.08,2.0,5.1,0.09,3.5,2.7860376998939556,4.006187140860112,720.0,337.37796373779634,1565.1720649908975,970.0139470013945,625.3835425383542,0.167,0.179,False,False,False,False,False,main_stem,,,9,autumn,20
2017-09-01,T1,위천6,Wicheon 6,"Wicheon tributary, Gyeongsangbuk-do",23.6,7.92,3.69,377.0,9.3,5.6,0.03,2.0,5.7,0.1,3.1,2.832181435634328,4.332602078792585,678.0,164.80706648070662,1386.0690852259293,860.2975360297535,520.9205020920501,0.132,0.185,False,False,False,False,False,tributary,,,9,autumn,20
2017-09-01,T2,감천2-1,Gamcheon 2-1,"Gamcheon tributary, near Gimcheon/Gumi",22.1,7.48,1.3,329.0,8.1,7.8,0.015,0.7,4.7,0.02,2.9,3.2834668625991252,4.720837140673397,706.0,123.19851231985122,1279.5894499208096,747.0478847047884,515.2952115295211,0.108,0.189,False,False,False,False,False,tributary,,,9,autumn,20
2017-09-01,T3,금호강,Geumho River 6,"Lower Geumho River, Daegu",24.3,7.63,3.78,662.0,7.2,5.2,0.0,3.1,5.6,0.73,3.9,3.1839202853541715,3.6955223274061746,679.0,251.5109251510925,1366.8657776843716,1085.3091585309157,520.4556020455602,0.161,0.181,False,False,False,False,False,tributary,,,9,autumn,20
2017-09-01,T4,회천,Hoecheon 2-1,"Hoecheon tributary, Goryeong area",27.1,8.93,1.39,394.0,11.1,1.8,0.048,2.0,5.4,0.08,3.3,2.741778325613266,4.170197027253053,685.0,299.488609948861,1387.5688276080273,880.5206880520689,445.37424453742443,0.119,0.15,False,False,False,False,False,tributary,,,9,autumn,20
2017-09-01,T5,황강,Hwang River 5,"Hwanggang tributary, Gyeongsangnam-do",25.8,7.83,2.48,206.0,8.9,3.8,0.027,0.2,4.7,0.02,2.2,3.228881873412536,4.158917190288849,669.0,143.93305439330544,997.4086066647311,542.3523942352394,408.27522082752205,0.095,0.133,False,False,False,False,False,tributary,,,9,autumn,20
2017-09-01,T6,밀양강3,Miryang River 3,"Miryang River, Miryang-si",23.8,9.28,2.63,265.0,11.5,13.4,0.04,2.1,5.0,0.13,2.5,2.773310940624362,3.72951135,679.0,305.718270571827,794.6691461335813,640.5392840539284,430.7763830776383,0.131,0.188,False,False,False,False,False,tributary,,,9,autumn,20
2017-09-01,1,밀양호,Miryang Reservoir,"Miryang, Gyeongsangnam-do",11.0,7.19,0.165,51.0,9.0,0.2,0.012,0.5,5.1,,1.0,,,,57.18270571827057,488.76707771033455,297.95443979544393,403.672710367271,0.051,0.056,False,False,False,True,False,reservoir,,,9,autumn,16
2017-09-01,2,운문호,Unmun Reservoir,"Cheongdo-gun, Gyeongsangbuk-do",15.0,7.56,0.694,100.0,8.8,1.0,0.017,0.6,3.3,0.05,2.0,,,,205.439330543933,559.3462922076919,467.0385867038586,289.7721989772199,0.06,0.065,False,False,False,False,False,reservoir,,,9,autumn,17
2017-09-01,3,남강호,Namgang Reservoir / Namgang Dam Reservoir,"Jinju area, Gyeongsangnam-do",26.0,7.75,1.51,114.0,8.8,2.0,0.006,1.4,3.9,0.06,2.8,,,,523.8028823802882,1171.074729376108,642.5848442584844,511.3435611343561,0.118,0.162,False,False,False,False,False,reservoir,,,9,autumn,17
2017-09-01,4,영천호(죽장천),Yeongcheon Reservoir (Jukjangcheon),Yeongcheon/Pohang-region tributary system,21.0,7.46,0.342,154.0,8.8,1.0,0.014,0.9,2.5,,1.8,,,,52.48721524872152,333.4688027237349,231.1947931194793,225.05811250581124,0.036,0.031,False,False,False,True,False,reservoir,,,9,autumn,16
2017-09-01,5,합천호,Hapcheon Reservoir,"Hapcheon-gun, Gyeongsangnam-do",22.0,7.71,0.067,175.0,9.0,0.4,0.011,1.0,5.0,0.1,1.2,,,,322.5476522547652,743.3899968188008,491.21338912133893,328.9632728963272,0.071,0.095,False,False,False,False,False,reservoir,,,9,autumn,17
2017-09-01,6,구미원수,Gumi Raw Water,Gumi WTP influent/raw water,24.0,7.9,5.63,246.2,8.9,5.4,0.022,0.6,4.1,0.07,2.4,,,,162.25011622501162,1100.5489777144721,649.5118549511855,422.0827522082752,0.097,0.155,False,False,False,False,False,treatment,Gumi,raw,9,autumn,17
2017-09-01,7,구미침전수,Gumi Settled Water,Gumi After sedimentation,24.0,7.7,0.38,252.0,8.9,,0.009,,,,1.898,,,,83.86796838679683,650.339307645871,561.4597861459786,525.7554625755462,0.071,0.072,False,False,False,False,False,treatment,Gumi,settled,9,autumn,13
2017-09-01,8,구미여과수,Gumi Filtered Water,Gumi After filtration,24.0,7.6,0.06,249.0,8.9,,0.012,,,,1.781,,,,70.3393770339377,554.8670167682901,589.5397489539748,443.3751743375174,0.051,0.044,False,False,False,False,False,treatment,Gumi,filtered,9,autumn,13
2017-09-01,9,구미오존처리수,Gumi Ozonated Water,Gumi ozonated Water,24.0,7.5,0.06,252.0,8.9,,0.024,,,,1.798,,,,75.36029753602975,521.6645145644736,578.6610878661087,409.7164109716411,0.056,0.049,False,False,False,False,False,treatment,Gumi,ozonated,9,autumn,13
2017-09-01,10,구미GAC처리수,Gumi GAC-Treated Water,Gumi After granular activated carbon,24.0,7.4,0.07,252.0,8.9,,0.02,,,,1.464,,,,48.907484890748485,502.68437922965677,508.87959088795907,441.4690841469084,0.044,0.032,False,False,False,False,False,treatment,Gumi,GAC,9,autumn,13
2017-09-01,11,구미정수,Gumi Finished Water,Gumi Final treated drinking water,24.0,7.3,0.07,252.0,8.9,,0.01,,,,1.468,,,,39.9349139934914,463.1833475629078,486.8433286843328,423.0125523012552,0.051,0.038,False,False,False,False,False,treatment,Gumi,finished,9,autumn,13
2017-09-01,12,고령침전수,Goryeong Settled Water,Goryeong setted water/sedimentation,23.0,7.5,0.34,252.0,,,0.03,,,,2.011,,,,63.27289632728963,722.4011300015269,598.512319851232,434.44909344490935,0.079,0.052,False,False,False,False,False,treatment,Goryeong,settled,9,autumn,12
2017-09-01,13,고령여과수,Goryeong Filtered Water,Goryeong filtered water,23.0,7.4,0.07,252.0,,,0.031,,,,1.991,,,,65.13249651324965,653.9218661394393,674.1050674105066,724.8256624825661,0.073,0.055,False,False,False,False,False,treatment,Goryeong,filtered,9,autumn,12
2017-09-01,14,고령오존처리수,Goryeong Ozonated Water,Goryeong  ozonated water,23.0,7.3,0.07,252.0,,,0.03,,,,1.924,,,,61.27382612738261,729.7235212076462,561.4597861459786,898.6517898651789,0.065,0.045,False,False,False,False,False,treatment,Goryeong,ozonated,9,autumn,12
2017-09-01,15,고령GAC처리수,Goryeong GAC-Treated Water,Goryeong GAC treated water,23.0,7.3,0.05,260.0,,,0.035,,,,1.517,,,,11.576011157601116,575.5702289632729,553.4635053463504,515.3417015341702,0.057,0.029,False,False,False,False,False,treatment,Goryeong,GAC,9,autumn,12
2017-09-01,16,고령정수,Goryeong Finished Water,Goryeong Final treated drinking water,23.0,7.3,0.05,260.0,,,0.018,,,,1.54,,,,19.9442119944212,586.2592498413945,539.0516039051604,440.7717340771734,0.053,0.039,False,False,False,False,False,treatment,Goryeong,finished,9,autumn,12
2017-09-01,17,반송오존처리수,Bansong Ozonated Water,Bansong ozonated water,24.3,7.8,23.7,334.0,,,0.038,,,,2.991,,,,352.3012552301255,1392.924549625106,857.6940957694096,564.4816364481636,0.135,0.162,False,False,False,False,False,treatment,Bansong,ozonated,9,autumn,12
2017-09-01,18,반송침전수,Bansong Settled Water,Bansong setted water/sedimentation,23.8,7.3,0.25,301.0,,,0.029,,,,2.308,,,,136.95955369595538,723.1513060348664,788.4239888423988,804.0446304044631,0.084,0.07,False,False,False,False,False,treatment,Bansong,settled,9,autumn,12
2017-09-01,19,반송F/A처리수,Bansong F/A-Treated Water,Bansong F/A treated water,24.2,7.2,0.07,302.0,,,0.027,,,,1.919,,,,84.23988842398884,660.9630337459707,686.8433286843327,534.1701534170153,0.065,0.041,False,False,False,False,False,treatment,Bansong,F/A,9,autumn,12
2017-09-01,20,반송정수,Bansong Finished Water,Bansong Final treated drinking water,24.2,7.1,0.05,299.0,,,0.007,,,,1.96,,,,94.23523942352394,736.7808972430444,590.004649000465,617.2942817294281,0.065,0.046,False,False,False,False,False,treatment,Bansong,finished,9,autumn,12
2017-10-01,M1,안동호,Andong Reservoir,"Andong, Gyeongsangbuk-do; upper Nakdong basin",17.0,6.7,1.1,205.0,5.3,1.0,0.006,0.8,4.0,0.005,2.4,2.8745599378728657,3.8821436608018463,739.0,158.85634588563457,1056.806434399855,616.8293816829381,209.76290097629007,0.074,0.095,False,False,False,False,False,main_stem,,,10,autumn,20
2017-10-01,M2,임하호,Imha Reservoir,"Andong, Gyeongsangbuk-do; Banbyeoncheon/upper Nakdong basin",19.3,7.8,2.42,212.3,7.5,4.2,0.002,0.4,6.4,0.005,4.2,3.3877867713270144,4.189960172246256,759.0,256.15992561599256,2233.6577473915777,1045.0023245002324,392.51510925151086,0.143,0.199,False,False,False,False,False,main_stem,,,10,autumn,20
2017-10-01,M3,예천,Yecheon,"Yecheon-gun, Gyeongsangbuk-do; upper Nakdong River",15.0,7.8,0.65,250.4,10.3,1.0,0.014,0.6,3.3,0.005,2.1,2.9786121945360335,3.877139376170717,728.0,114.55137145513714,867.365878221636,615.4346815434681,289.4467689446769,0.069,0.081,False,False,False,False,False,main_stem,,,10,autumn,20
2017-10-01,M4,상주,Sangju,"Sangju-si, Gyeongsangbuk-do; upper–middle Nakdong",15.5,7.91,0.54,271.0,10.6,1.2,0.017,0.4,4.9,0.005,1.8,2.9986735061446126,4.186818113852783,673.0,84.42584844258484,741.9210759890256,456.1134356113435,263.87726638772665,0.058,0.064,False,False,False,False,False,main_stem,,,10,autumn,20
2017-10-01,M5,낙단보,Nakdan Weir,"Sangju area, Gyeongsangbuk-do; Nakdong main stem",17.6,8.23,3.71,293.0,10.4,7.0,0.021,0.8,3.0,0.03,2.2,3.1269000329670322,4.188734337574977,709.0,140.72524407252442,913.5932937240142,583.0311483031148,256.5783356578336,0.089,0.125,False,False,False,False,False,main_stem,,,10,autumn,20
2017-10-01,M6,해평,Haepyeong,"Gumi-si, Gyeongsangbuk-do; Nakdong main stem",18.0,7.9,9.47,267.3,11.0,9.6,0.021,1.0,5.7,0.03,2.3,3.08940111829436,3.9425523784269663,655.0,170.3393770339377,1022.4362831695153,537.9358437935844,289.30729893072987,0.09,0.121,False,False,False,False,False,main_stem,,,10,autumn,20
2017-10-01,M7,구미,Gumi,"Gumi-si, Gyeongsangbuk-do; Nakdong main stem",19.2,8.5,2.79,440.0,11.1,7.0,0.046,1.4,5.3,0.07,2.5,2.906717424558587,4.07826943121825,685.0,165.13249651324963,1028.2805662369633,649.8837749883775,351.8363551836355,0.096,0.12,False,False,False,False,False,main_stem,,,10,autumn,20
2017-10-01,M8,왜관,Waegwan,"Waegwan-eup, Chilgok-gun, Gyeongsangbuk-do",19.4,8.56,2.41,335.3,10.8,6.2,0.036,1.1,5.2,0.02,2.6,3.065147967684022,4.128520424295011,692.0,170.1999070199907,1058.321517386245,661.6922361692236,356.95025569502553,0.097,0.125,False,False,False,False,False,main_stem,,,10,autumn,20
2017-10-01,M9,고령(취),Goryeong Raw Water,Raw-water sample associated with Goryeong WTP,17.0,7.8,5.26,296.0,11.2,7.4,0.038,0.7,4.3,0.06,2.7,3.1017885793667013,3.829899558636739,684.0,171.6875871687587,1049.4921703457758,642.7243142724313,293.0264993026499,0.092,0.113,False,False,False,False,False,main_stem,Goryeong,raw,10,autumn,20
2017-10-01,M10,달성,Dalseong,Daegu/Dalseong area; Nakdong main stem,18.3,8.31,2.83,310.4,10.8,7.0,0.035,0.5,5.6,0.02,2.5,2.861975136690648,3.8831751719825496,697.0,185.68107856810786,1053.5490207904493,721.2459321245931,375.8251975825197,0.091,0.11,False,False,False,False,False,main_stem,,,10,autumn,20
2017-10-01,M11,고령,Goryeong,Goryeong-gun area; Nakdong River,19.1,8.84,2.02,457.6,12.7,5.2,0.054,1.8,6.2,0.05,3.0,2.870855593893129,4.000265982466109,591.0,244.49093444909346,1249.059543015608,673.0822873082287,387.1687587168758,0.114,0.126,False,False,False,False,False,main_stem,,,10,autumn,20
2017-10-01,M12,용산,Yongsan,"Lower-middle Nakdong, Changnyeong reach",17.5,8.57,1.81,480.6,11.1,2.8,0.047,2.1,4.2,0.03,2.8,2.7474945010252902,4.288865970718979,668.0,314.78382147838215,1067.446413866957,750.3021850302184,345.83914458391445,0.097,0.103,False,False,False,False,False,main_stem,,,10,autumn,20
2017-10-01,M13,남지,Namji,"Namji-eup, Changnyeong-gun, Gyeongsangnam-do",17.4,8.96,3.23,326.3,12.2,9.8,0.048,1.4,4.4,0.005,3.1,3.1119401190560056,3.840331319776066,705.0,332.4965132496513,1068.3126163810343,749.6513249651324,399.99999999999994,0.108,0.115,False,False,False,False,False,main_stem,,,10,autumn,20
2017-10-01,M14,본포,Bansong Raw Water,"Raw-water source for Bansong WTP, Changwon system",18.9,8.1,10.8,379.0,11.3,7.0,0.049,1.1,3.6,0.04,2.7,2.816552141996715,4.288275839619925,681.0,267.68944676894466,1069.0309045992508,715.5276615527661,425.0116225011622,0.094,0.115,False,False,False,False,False,main_stem,Bansong,raw,10,autumn,20
2017-10-01,M15,삼량진,Samnangjin,"Miryang-si, Gyeongsangnam-do; lower Nakdong",17.5,8.17,3.48,416.3,9.6,3.8,0.042,2.2,5.6,0.1,3.0,2.9282538202819777,4.361104173656893,699.0,284.1004184100418,1096.236689065645,774.7094374709437,445.79265457926545,0.1,0.125,False,False,False,False,False,main_stem,,,10,autumn,20
2017-10-01,M16,물금,Mulgeum,"Yangsan-si, Gyeongsangnam-do; lower Nakdong",17.6,7.94,4.45,351.6,9.5,5.4,0.039,2.6,4.5,0.11,3.0,2.6244927336382275,4.219753779826042,678.0,303.161320316132,1182.2643358602938,765.6903765690375,468.66573686657364,0.108,0.133,False,False,False,False,False,main_stem,,,10,autumn,20
2017-10-01,M17,구포,Gupo,Busan; lower Nakdong River,18.9,8.57,5.16,363.4,10.4,7.0,0.046,2.6,4.8,0.06,3.4,2.8341973148290136,4.597760693347893,704.0,352.7661552766155,1217.8057914368999,857.7870757787075,399.99999999999994,0.122,0.137,False,False,False,False,False,main_stem,,,10,autumn,20
2017-10-01,M18,하구둑,Nakdong River Estuary Barrage,Busan; river mouth,20.0,7.7,2.53,375.1,11.4,3.0,0.242,2.6,5.2,0.15,3.2,2.9671784501457728,4.130759987475412,717.0,408.41469084146905,1261.8352109064595,952.0223152022315,409.065550906555,0.136,0.1,False,False,False,False,False,main_stem,,,10,autumn,20
2017-10-01,T1,위천6,Wicheon 6,"Wicheon tributary, Gyeongsangbuk-do",16.7,8.25,1.88,396.4,11.6,3.2,0.043,2.2,4.7,0.03,3.2,3.1708263803816434,4.459648696047645,703.0,152.7661552766155,1409.4796761840823,855.6485355648535,386.2854486285448,0.106,0.132,False,False,False,False,False,tributary,,,10,autumn,20
2017-10-01,T2,감천2-1,Gamcheon 2-1,"Gamcheon tributary, near Gimcheon/Gumi",16.7,8.04,1.03,420.2,10.6,0.2,0.02,0.7,5.2,0.005,1.9,3.1545758232795245,2.7976638133370733,558.0,46.49000464900046,729.3759851602823,416.03905160390514,286.56438865643884,0.054,0.059,False,False,False,False,False,tributary,,,10,autumn,20
2017-10-01,T3,금호강,Geumho River 6,"Lower Geumho River, Daegu",18.0,8.66,6.42,1058.0,13.7,7.4,,3.2,5.8,0.06,4.0,3.3266216846974173,2.908152560338652,562.0,289.02835890283586,1538.9993155925818,1111.064621106462,675.3138075313807,0.139,0.147,False,False,False,False,False,tributary,,,10,autumn,19
2017-10-01,T4,회천,Hoecheon 2-1,"Hoecheon tributary, Goryeong area",19.3,8.51,1.84,482.8,11.6,2.2,0.055,2.0,5.6,0.06,3.0,2.80049370372761,3.9881562589547044,697.0,326.31334263133425,1113.1526228522384,864.5746164574616,397.7219897721989,0.104,0.112,False,False,False,False,False,tributary,,,10,autumn,20
2017-10-01,T5,황강,Hwang River 5,"Hwanggang tributary, Gyeongsangnam-do",18.4,8.16,1.12,233.4,10.0,1.2,0.016,0.7,4.9,0.005,1.2,2.6761902971481137,3.2753397455999993,677.0,45.23477452347745,395.7296954434149,299.163179916318,187.91259879125985,0.032,0.034,False,False,False,False,False,tributary,,,10,autumn,20
2017-10-01,T6,밀양강3,Miryang River 3,"Miryang River, Miryang-si",16.8,8.65,2.8,356.2,12.5,6.4,0.031,2.2,5.3,0.03,2.1,2.8707751355421687,3.011699935712669,586.0,205.25337052533703,691.8691916453909,465.50441655044165,354.7652254765225,0.075,0.092,False,False,False,False,False,tributary,,,10,autumn,20
2017-10-01,1,밀양호,Miryang Reservoir,"Miryang, Gyeongsangnam-do",11.0,7.2,0.23,59.0,7.8,0.6,0.011,0.3,5.4,,1.1,,,,45.141794514179445,468.5968316895866,295.8623895862389,221.8967921896792,0.039,0.041,False,False,False,True,False,reservoir,,,10,autumn,16
2017-10-01,2,운문호,Unmun Reservoir,"Cheongdo-gun, Gyeongsangbuk-do",15.0,7.1,5.75,90.0,9.7,19.0,0.016,3.0,5.6,0.31,2.0,,,,123.84937238493724,747.3767835092889,472.8033472803347,277.26638772663875,0.07,0.087,False,False,False,False,False,reservoir,,,10,autumn,17
2017-10-01,3,남강호,Namgang Reservoir / Namgang Dam Reservoir,"Jinju area, Gyeongsangnam-do",22.0,8.7,3.93,114.0,7.3,3.2,0.005,1.7,4.2,0.07,2.5,,,,334.1701534170153,959.1889904005474,548.0706648070665,411.2505811250581,0.102,0.13,False,False,False,False,False,reservoir,,,10,autumn,17
2017-10-01,4,영천호(죽장천),Yeongcheon Reservoir (Jukjangcheon),Yeongcheon/Pohang-region tributary system,21.0,8.2,0.22,179.0,9.3,0.6,0.009,0.8,2.7,,1.9,,,,40.957694095769405,349.3496281175153,285.4486285448628,171.1761971176197,0.031,0.033,False,False,False,True,False,reservoir,,,10,autumn,16
2017-10-01,5,합천호,Hapcheon Reservoir,"Hapcheon-gun, Gyeongsangnam-do",19.0,8.0,1.1,133.0,5.9,0.8,0.009,1.0,5.2,,1.2,,,,198.69827986982799,755.3886387984994,499.81403998140394,282.7522082752208,0.058,0.077,False,False,False,True,False,reservoir,,,10,autumn,16
2017-10-01,6,구미원수,Gumi Raw Water,Gumi WTP influent/raw water,18.0,7.9,3.1,267.3,11.0,9.6,0.021,1.0,5.7,0.05,2.3,,,,170.3393770339377,1022.4362831695153,537.9358437935844,289.30729893072987,0.09,0.121,False,False,False,False,False,treatment,Gumi,raw,10,autumn,17
2017-10-01,7,구미침전수,Gumi Settled Water,Gumi After sedimentation,18.0,7.7,0.32,275.6,11.0,,0.007,,,,1.785,,,,58.066015806601584,500.8758427818848,488.47047884704784,391.8642491864249,0.053,0.045,False,False,False,False,False,treatment,Gumi,settled,10,autumn,13
2017-10-01,8,구미여과수,Gumi Filtered Water,Gumi After filtration,18.0,7.6,0.08,273.9,11.0,,0.01,,,,1.601,,,,42.817294281729424,485.6605682719392,511.3900511390051,357.60111576011155,0.044,0.03,False,False,False,False,False,treatment,Gumi,filtered,10,autumn,13
2017-10-01,9,구미오존처리수,Gumi Ozonated Water,Gumi ozonated Water,18.0,7.5,0.06,265.5,11.0,,0.013,,,,1.628,,,,43.747094374709434,458.13797424858,488.05206880520683,324.50023245002325,0.047,0.039,False,False,False,False,False,treatment,Gumi,ozonated,10,autumn,13
2017-10-01,10,구미GAC처리수,Gumi GAC-Treated Water,Gumi After granular activated carbon,18.0,7.4,0.04,270.2,11.0,,0.014,,,,1.355,,,,27.475592747559272,387.6961186169401,448.6750348675034,306.74105067410505,0.032,0.019,False,False,False,False,False,treatment,Gumi,GAC,10,autumn,13
2017-10-01,11,구미정수,Gumi Finished Water,Gumi Final treated drinking water,18.0,7.3,0.08,267.8,11.0,,0.001,,,,1.312,,,,29.33519293351929,457.40721124705027,382.10134821013474,246.07159460715945,0.04,0.032,False,False,False,False,False,treatment,Gumi,finished,10,autumn,13
2017-10-01,12,고령침전수,Goryeong Settled Water,Goryeong setted water/sedimentation,17.0,7.6,0.4,298.0,,,0.022,,,,1.855,,,,86.98279869827986,571.3526094259403,610.6462110646211,382.56624825662476,0.06,0.05,False,False,False,False,False,treatment,Goryeong,settled,10,autumn,12
2017-10-01,13,고령여과수,Goryeong Filtered Water,Goryeong filtered water,17.0,7.5,0.07,300.0,,,0.022,,,,1.848,,,,72.84983728498372,546.731799396798,621.7573221757322,356.34588563458857,0.059,0.049,False,False,False,False,False,treatment,Goryeong,filtered,10,autumn,12
2017-10-01,14,고령오존처리수,Goryeong Ozonated Water,Goryeong  ozonated water,17.0,7.5,0.05,304.0,,,0.021,,,,1.896,,,,64.85355648535564,579.4893776737083,518.0846118084612,360.1115760111576,0.065,0.058,False,False,False,False,False,treatment,Goryeong,ozonated,10,autumn,12
2017-10-01,15,고령GAC처리수,Goryeong GAC-Treated Water,Goryeong GAC treated water,17.0,7.5,0.05,305.0,,,0.026,,,,1.391,,,,33.751743375174335,557.7908888390258,428.5913528591352,370.1999070199907,0.044,0.021,False,False,False,False,False,treatment,Goryeong,GAC,10,autumn,12
2017-10-01,16,고령정수,Goryeong Finished Water,Goryeong Final treated drinking water,17.0,7.5,0.05,305.0,,,0.003,,,,1.383,,,,39.19107391910739,471.2421773831573,455.8809855880985,209.06555090655507,0.043,0.021,False,False,False,False,False,treatment,Goryeong,finished,10,autumn,12
2017-10-01,17,반송오존처리수,Bansong Ozonated Water,Bansong ozonated water,18.7,8.0,6.02,379.0,,,0.049,,,,2.695,,,,357.18270571827054,943.945412495807,690.5160390516038,294.46768944676893,0.065,0.056,False,False,False,False,False,treatment,Bansong,ozonated,10,autumn,12
2017-10-01,18,반송침전수,Bansong Settled Water,Bansong setted water/sedimentation,18.7,7.4,0.23,361.0,,,0.023,,,,2.35,,,,141.0041841004184,689.4978930012362,571.6875871687587,390.28358902835885,0.064,0.053,False,False,False,False,False,treatment,Bansong,settled,10,autumn,12
2017-10-01,19,반송F/A처리수,Bansong F/A-Treated Water,Bansong F/A treated water,18.8,7.3,0.04,362.0,,,0.034,,,,1.782,,,,91.81775918177591,638.5463023927013,485.0767085076708,389.4002789400278,0.047,0.023,False,False,False,False,False,treatment,Bansong,F/A,10,autumn,12
2017-10-01,20,반송정수,Bansong Finished Water,Bansong Final treated drinking water,18.7,7.4,0.03,363.0,,,0.014,,,,1.751,,,,101.85960018596,623.2550039579328,496.5597396559739,348.5355648535565,0.052,0.032,False,False,False,False,False,treatment,Bansong,finished,10,autumn,12
2017-11-01,M1,안동호,Andong Reservoir,"Andong, Gyeongsangbuk-do; upper Nakdong basin",5.9,7.7,1.54,200.0,12.2,3.4,0.007,0.8,3.7,0.005,2.2,1.6077432049180327,3.884047027119734,709.0,147.46629474662947,955.6990875964412,508.74012087401206,1374.9883774988377,0.054,0.078,False,False,False,False,False,main_stem,,,11,autumn,20
2017-11-01,M2,임하호,Imha Reservoir,"Andong, Gyeongsangbuk-do; Banbyeoncheon/upper Nakdong basin",6.0,7.62,2.56,209.3,12.0,3.2,0.002,0.7,4.8,0.01,3.8,2.4729882268814833,4.612672632616106,756.0,210.04184100418408,1876.267684553084,881.2180381218037,1354.7187354718735,0.097,0.132,False,False,False,False,False,main_stem,,,11,autumn,20
2017-11-01,M3,예천,Yecheon,"Yecheon-gun, Gyeongsangbuk-do; upper Nakdong River",6.3,7.5,0.598,306.3,12.55,1.4,0.013,0.4,3.1,0.005,2.5,1.3747910725730443,3.802588972700547,719.0,158.9028358902836,1102.0183433141206,640.6322640632263,2010.134821013482,0.056,0.09,False,False,False,False,False,main_stem,,,11,autumn,20
2017-11-01,M4,상주,Sangju,"Sangju-si, Gyeongsangbuk-do; upper–middle Nakdong",5.3,7.57,0.517,332.7,12.99,2.0,0.019,0.5,4.8,0.01,2.4,1.6136293302752294,3.76198706708464,687.0,142.67782426778243,1146.6862387017727,603.951650395165,1697.954439795444,0.059,0.088,False,False,False,False,False,main_stem,,,11,autumn,20
2017-11-01,M5,낙단보,Nakdan Weir,"Sangju area, Gyeongsangbuk-do; Nakdong main stem",9.2,8.19,3.51,318.7,11.78,6.6,0.022,0.7,3.3,0.08,2.0,1.5902168951860705,3.943548452696113,695.0,137.33147373314736,740.4000318555229,526.0808926080892,1367.4105067410505,0.047,0.078,False,False,False,False,False,main_stem,,,11,autumn,20
2017-11-01,M6,해평,Haepyeong,"Gumi-si, Gyeongsangbuk-do; Nakdong main stem",10.0,8.0,13.34,287.6,12.1,6.6,0.026,1.4,5.4,0.05,2.2,1.5986364982998456,4.006682895938011,671.0,140.49279404927938,846.4384849218349,529.5211529521152,1541.5620641562064,0.055,0.087,False,False,False,False,False,main_stem,,,11,autumn,20
2017-11-01,M7,구미,Gumi,"Gumi-si, Gyeongsangbuk-do; Nakdong main stem",9.9,7.87,1.13,450.4,11.37,2.8,0.062,1.3,5.3,0.15,2.4,1.5741697384987892,3.796767264692152,636.0,169.82798698279868,989.0344965098807,644.4444444444445,1636.1692236169224,0.063,0.084,False,False,False,False,False,main_stem,,,11,autumn,20
2017-11-01,M8,왜관,Waegwan,"Waegwan-eup, Chilgok-gun, Gyeongsangbuk-do",10.2,7.92,2.02,448.6,12.15,3.4,0.064,1.2,5.0,0.17,2.7,1.6258900372398686,3.85986768866472,666.0,162.48256624825663,974.4630913245581,681.3575081357508,1835.7508135750813,0.071,0.095,False,False,False,False,False,main_stem,,,11,autumn,20
2017-11-01,M9,고령(취),Goryeong Raw Water,Raw-water sample associated with Goryeong WTP,11.0,8.5,0.594,325.0,12.2,2.2,0.048,0.8,4.8,0.04,2.6,1.4415169277870217,3.9307676467592128,660.0,204.09112040911202,1038.2444262165252,735.2394235239423,2203.626220362622,0.066,0.096,False,False,False,False,False,main_stem,Goryeong,raw,11,autumn,20
2017-11-01,M10,달성,Dalseong,Daegu/Dalseong area; Nakdong main stem,11.0,8.09,0.754,378.4,12.96,2.2,0.044,1.0,5.5,0.08,2.7,1.5553617691269126,3.6139064007876134,629.0,262.5290562529056,1148.0403585150375,721.1994421199441,2039.3305439330543,0.067,0.09,False,False,False,False,False,main_stem,,,11,autumn,20
2017-11-01,M11,고령,Goryeong,Goryeong-gun area; Nakdong River,10.9,8.26,1.6,573.7,12.41,4.0,0.086,2.1,6.0,0.09,3.2,1.8300367373769448,2.809693679319613,525.0,278.42863784286374,1385.5856347097363,761.2273361227335,1955.9739655973965,0.087,0.125,False,False,False,False,False,main_stem,,,11,autumn,20
2017-11-01,M12,용산,Yongsan,"Lower-middle Nakdong, Changnyeong reach",10.6,7.72,1.15,512.5,11.21,1.8,0.059,1.6,4.1,0.07,3.0,1.7426540252768146,3.3330381798967323,664.0,286.84332868433285,1070.6893852954804,863.3658763365877,1881.5434681543468,0.077,0.105,False,False,False,False,False,main_stem,,,11,autumn,20
2017-11-01,M13,남지,Namji,"Namji-eup, Changnyeong-gun, Gyeongsangnam-do",10.5,7.96,1.2,394.4,11.54,3.8,0.071,1.8,4.7,0.12,2.8,1.8822736259475215,3.6423026846836053,703.0,247.18735471873546,866.3769250342018,625.4765225476523,1409.809390980939,0.086,0.122,False,False,False,False,False,main_stem,,,11,autumn,20
2017-11-01,M14,본포,Bansong Raw Water,"Raw-water source for Bansong WTP, Changwon system",14.3,8.11,1.7,378.0,12.1,5.0,0.081,0.8,4.5,0.03,2.7,1.9988590556457562,3.487964396520354,706.0,264.2956764295676,910.4572865388386,734.0771734077173,1196.4667596466759,0.086,0.12,False,False,False,False,False,main_stem,Bansong,raw,11,autumn,20
2017-11-01,M15,삼량진,Samnangjin,"Miryang-si, Gyeongsangnam-do; lower Nakdong",10.7,8.05,4.8,372.5,11.72,5.0,0.088,1.7,5.4,0.07,3.1,1.8034115055079565,3.3303834492851947,656.0,351.65039516503947,1061.593313154025,720.1766620176661,1291.3993491399349,0.085,0.119,False,False,False,False,False,main_stem,,,11,autumn,20
2017-11-01,M16,물금,Mulgeum,"Yangsan-si, Gyeongsangnam-do; lower Nakdong",11.6,7.61,0.495,380.3,10.37,3.0,0.071,1.9,4.7,0.16,2.8,2.0798206349705306,4.086252126082304,677.0,340.7717340771734,1065.3085677739505,794.5141794514179,1344.2119944211995,0.074,0.109,False,False,False,False,False,main_stem,,,11,autumn,20
2017-11-01,M17,구포,Gupo,Busan; lower Nakdong River,9.5,8.0,0.98,368.5,11.97,0.2,0.052,1.6,5.2,0.07,2.8,1.9887290951023582,4.172405749023983,663.0,323.98884239888423,1108.5070528152546,770.3393770339377,1332.5894932589492,0.074,0.104,False,False,False,False,False,main_stem,,,11,autumn,20
2017-11-01,M18,하구둑,Nakdong River Estuary Barrage,Busan; river mouth,9.8,7.94,0.704,750.0,12.1,4.0,0.302,1.6,5.1,0.12,3.2,2.124870922403308,3.8635620097870875,661.0,344.4444444444444,1177.1730823729251,879.8698279869826,1323.4774523477452,0.137,0.074,False,False,False,False,False,main_stem,,,11,autumn,20
2017-11-01,T1,위천6,Wicheon 6,"Wicheon tributary, Gyeongsangbuk-do",7.7,8.12,1.75,363.8,12.42,3.4,0.032,1.4,4.5,0.11,2.2,1.383568645320197,3.795609442659693,663.0,154.34681543468153,838.286301071697,554.8117154811715,1794.0957694095769,0.054,0.085,False,False,False,False,False,tributary,,,11,autumn,20
2017-11-01,T2,감천2-1,Gamcheon 2-1,"Gamcheon tributary, near Gimcheon/Gumi",8.2,7.61,0.553,699.9,13.01,1.6,0.043,0.6,5.1,0.03,2.1,1.5610269087116955,2.7431809810050853,578.0,108.27522082752209,690.2075412123492,521.8967921896792,1487.8661087866108,0.043,0.056,False,False,False,False,False,tributary,,,11,autumn,20
2017-11-01,T3,금호강,Geumho River 6,"Lower Geumho River, Daegu",9.9,8.14,1.45,1184.0,13.48,3.6,,2.2,5.7,0.07,4.0,2.144795702065966,2.8865349763458403,564.0,302.78940027894,1393.0164827208519,1323.012552301255,2040.6787540678754,0.102,0.11,False,False,False,False,False,tributary,,,11,autumn,19
2017-11-01,T4,회천,Hoecheon 2-1,"Hoecheon tributary, Goryeong area",11.1,7.68,0.263,531.5,10.8,2.2,0.094,1.7,5.6,0.15,3.1,1.8470015151584487,2.8547019460860144,555.0,311.8549511854951,1318.6599060407043,773.7331473733148,1619.4328219432823,0.075,0.095,False,False,False,False,False,tributary,,,11,autumn,20
2017-11-01,T5,황강,Hwang River 5,"Hwanggang tributary, Gyeongsangnam-do",8.8,7.56,0.387,242.3,12.01,1.2,0.023,1.7,4.7,0.005,1.1,1.0479505562632698,2.986980389694915,621.0,56.159925615992556,387.23742679748227,233.33333333333331,844.0725244072523,0.025,0.033,False,False,False,False,False,tributary,,,11,autumn,20
2017-11-01,T6,밀양강3,Miryang River 3,"Miryang River, Miryang-si",9.4,8.47,1.9,462.3,13.18,6.8,0.076,1.9,4.9,0.29,2.3,1.3701709525514774,2.7666647031236478,623.0,310.46025104602506,614.9949424948286,617.0618317061832,1522.2222222222222,0.064,0.086,False,False,False,False,False,tributary,,,11,autumn,20
2017-11-01,1,밀양호,Miryang Reservoir,"Miryang, Gyeongsangnam-do",8.7,7.15,0.745,51.17,12.2,1.6,0.013,1.0,5.1,,0.9,,,,53.091585309158525,534.6461607347981,212.3663412366341,1306.276150627615,0.031,0.041,False,False,False,True,False,reservoir,,,11,autumn,16
2017-11-01,2,운문호,Unmun Reservoir,"Cheongdo-gun, Gyeongsangbuk-do",8.5,7.58,0.175,102.2,12.2,2.6,0.019,2.3,5.9,0.16,1.8,,,,130.68340306834028,678.9085807751919,322.87308228730825,1091.2598791259877,0.044,0.061,False,False,False,False,False,reservoir,,,11,autumn,17
2017-11-01,3,남강호,Namgang Reservoir / Namgang Dam Reservoir,"Jinju area, Gyeongsangnam-do",10.4,7.67,1.81,212.4,12.0,3.2,0.013,1.5,4.7,0.17,2.4,,,,317.75918177591814,888.9297025559109,577.0339377033938,2037.4244537424454,0.068,0.119,False,False,False,False,False,reservoir,,,11,autumn,17
2017-11-01,4,영천호(죽장천),Yeongcheon Reservoir (Jukjangcheon),Yeongcheon/Pohang-region tributary system,10.0,7.66,0.079,141.4,12.2,0.4,0.01,1.3,2.9,,1.6,,,,34.495583449558346,240.3253266330459,147.93119479311946,1478.2426778242677,0.015,0.018,False,False,False,True,False,reservoir,,,11,autumn,16
2017-11-01,5,합천호,Hapcheon Reservoir,"Hapcheon-gun, Gyeongsangnam-do",9.0,7.76,0.504,146.2,12.2,1.2,0.005,1.4,5.1,0.03,1.2,,,,196.14132961413296,711.6976671071678,488.47047884704784,1605.160390516039,0.041,0.075,False,False,False,False,False,reservoir,,,11,autumn,17
2017-11-01,6,구미원수,Gumi Raw Water,Gumi WTP influent/raw water,10.0,8.0,13.34,287.6,12.1,6.6,0.026,1.4,5.4,0.05,2.2,,,,140.49279404927938,846.4384849218349,529.5211529521152,1541.5620641562064,0.055,0.087,False,False,False,False,False,treatment,Gumi,raw,11,autumn,17
2017-11-01,7,구미침전수,Gumi Settled Water,Gumi After sedimentation,10.0,7.53,0.398,290.0,12.1,,0.009,,,,2.077,,,,317.75918177591814,888.9297025559109,577.0339377033938,2037.4244537424454,0.037,0.047,False,False,False,False,False,treatment,Gumi,settled,11,autumn,13
2017-11-01,8,구미여과수,Gumi Filtered Water,Gumi After filtration,10.0,7.62,0.056,291.2,12.1,,0.012,,,,1.815,,,,92.93351929335194,588.517828261994,540.1673640167363,1416.0390516039051,0.031,0.038,False,False,False,False,False,treatment,Gumi,filtered,11,autumn,13
2017-11-01,9,구미오존처리수,Gumi Ozonated Water,Gumi ozonated Water,10.0,7.6,0.074,282.9,12.1,,0.015,,,,1.732,,,,86.56438865643887,592.5562825800963,585.6810785681079,1165.9693165969315,0.034,0.041,False,False,False,False,False,treatment,Gumi,ozonated,11,autumn,13
2017-11-01,10,구미GAC처리수,Gumi GAC-Treated Water,Gumi After granular activated carbon,10.0,7.63,0.06,295.3,12.1,,0.016,,,,1.508,,,,83.96094839609484,495.39824241431813,506.74105067410505,1290.7484890748487,0.027,0.032,False,False,False,False,False,treatment,Gumi,GAC,11,autumn,13
2017-11-01,11,구미정수,Gumi Finished Water,Gumi Final treated drinking water,10.0,7.53,0.078,281.4,12.1,,0.003,,,,1.481,,,,86.33193863319386,528.6908077994428,487.49418874941887,1148.8609948860994,0.032,0.034,False,False,False,False,False,treatment,Gumi,finished,11,autumn,13
2017-11-01,12,고령침전수,Goryeong Settled Water,Goryeong setted water/sedimentation,10.0,7.69,0.237,334.0,,,0.018,,,,2.01,,,,99.99999999999999,646.4028492086577,689.6792189679219,1174.7559274755927,0.046,0.056,False,False,False,False,False,treatment,Goryeong,settled,11,autumn,12
2017-11-01,13,고령여과수,Goryeong Filtered Water,Goryeong filtered water,10.0,7.77,0.073,334.0,,,0.025,,,,1.934,,,,92.18967921896792,731.4239848114736,566.5271966527197,1244.5374244537425,0.045,0.055,False,False,False,False,False,treatment,Goryeong,filtered,11,autumn,12
2017-11-01,14,고령오존처리수,Goryeong Ozonated Water,Goryeong  ozonated water,10.0,7.78,0.051,334.0,,,0.024,,,,1.983,,,,90.42305904230591,690.4883027905832,638.2147838214784,1199.860529986053,0.04,0.054,False,False,False,False,False,treatment,Goryeong,ozonated,11,autumn,12
2017-11-01,15,고령GAC처리수,Goryeong GAC-Treated Water,Goryeong GAC treated water,10.0,7.6,0.079,334.0,,,0.031,,,,1.496,,,,59.73965597396559,595.6577743428475,437.2849837284984,1159.8791259879126,0.033,0.02,False,False,False,False,False,treatment,Goryeong,GAC,11,autumn,12
2017-11-01,16,고령정수,Goryeong Finished Water,Goryeong Final treated drinking water,10.0,7.61,0.053,334.0,,,0.003,,,,1.568,,,,69.17712691771268,548.655056584437,500.41841004184096,1076.1971176197117,0.031,0.03,False,False,False,False,False,treatment,Goryeong,finished,11,autumn,12
2017-11-01,17,반송오존처리수,Bansong Ozonated Water,Bansong ozonated water,13.8,7.6,0.364,391.0,,,0.06,,,,2.698,,,,378.75406787540675,938.5416433309886,773.9655973965597,1048.8609948860994,0.053,0.05,False,False,False,False,False,treatment,Bansong,ozonated,11,autumn,12
2017-11-01,18,반송침전수,Bansong Settled Water,Bansong setted water/sedimentation,14.1,7.6,0.07,403.0,,,0.018,,,,2.215,,,,173.82612738261273,822.0952645993176,688.9353788935379,1199.6745699674568,0.043,0.046,False,False,False,False,False,treatment,Bansong,settled,11,autumn,12
2017-11-01,19,반송F/A처리수,Bansong F/A-Treated Water,Bansong F/A treated water,10.2,7.59,0.08,400.0,,,0.04,,,,1.83,,,,145.18828451882845,583.2147282873431,655.6950255695025,1338.4937238493724,0.033,0.023,False,False,False,False,False,treatment,Bansong,F/A,11,autumn,12
2017-11-01,20,반송정수,Bansong Finished Water,Bansong Final treated drinking water,10.6,7.43,0.051,395.0,,,0.011,,,,1.804,,,,142.0269642026964,651.7457163975932,623.8028823802881,1469.9674569967456,0.032,0.032,False,False,False,False,False,treatment,Bansong,finished,11,autumn,12
2017-12-01,M1,안동호,Andong Reservoir,"Andong, Gyeongsangbuk-do; upper Nakdong basin",1.0,8.0,0.92,209.6,11.5,2.0,0.011,0.9,2.6,0.01,2.3,2.302945259290541,3.9573121065872567,701.0,160.6694560669456,989.8031023329984,569.2701069270106,454.8117154811715,0.061,0.088,False,False,False,False,False,main_stem,,,12,winter,20
2017-12-01,M2,임하호,Imha Reservoir,"Andong, Gyeongsangbuk-do; Banbyeoncheon/upper Nakdong basin",0.9,7.9,1.21,211.0,11.4,1.4,0.01,0.8,1.7,0.005,3.6,2.7364356146744995,4.156420839879155,718.0,182.0548582054858,1986.745307590193,987.6336587633658,808.972570897257,0.1,0.167,False,False,False,False,False,main_stem,,,12,winter,20
2017-12-01,M3,예천,Yecheon,"Yecheon-gun, Gyeongsangbuk-do; upper Nakdong River",0.2,8.0,0.34,352.2,14.44,4.2,0.019,1.7,2.8,0.02,2.1,2.3890108291814944,3.8274736270662926,694.0,144.11901441190145,895.734297358914,541.2831241283125,489.07484890748486,0.055,0.077,False,False,False,False,False,main_stem,,,12,winter,20
2017-12-01,M4,상주,Sangju,"Sangju-si, Gyeongsangbuk-do; upper–middle Nakdong",0.3,8.1,3.37,343.9,14.69,0.4,0.023,1.9,2.4,0.01,2.0,2.3573277773349934,3.8716526164276703,667.0,122.73361227336123,850.8808321340632,493.9098093909809,367.59646675964666,0.055,0.07,False,False,False,False,False,main_stem,,,12,winter,20
2017-12-01,M5,낙단보,Nakdan Weir,"Sangju area, Gyeongsangbuk-do; Nakdong main stem",1.6,8.2,1.72,295.8,14.6,3.6,0.027,1.3,2.3,0.04,2.1,2.0908767899086556,3.729093840810762,685.0,137.93584379358438,865.4308359529888,535.4253835425383,535.9367735936773,0.061,0.09,False,False,False,False,False,main_stem,,,12,winter,20
2017-12-01,M6,해평,Haepyeong,"Gumi-si, Gyeongsangbuk-do; Nakdong main stem",2.0,8.0,3.94,307.4,11.6,1.6,0.03,1.1,2.6,0.06,2.0,1.9459504578539562,3.4910358598444122,591.0,143.18921431892142,808.5588098558809,403.57973035797295,568.6192468619247,0.052,0.07,False,False,False,False,False,main_stem,,,12,winter,20
2017-12-01,M7,구미,Gumi,"Gumi-si, Gyeongsangbuk-do; Nakdong main stem",3.7,8.09,2.1,421.9,13.54,5.4,0.071,1.6,2.7,0.16,2.2,2.490796708064516,3.0153235490027086,555.0,138.9586238958624,832.1075862090665,408.97257089725707,269.9674569967457,0.065,0.077,False,False,False,False,False,main_stem,,,12,winter,20
2017-12-01,M8,왜관,Waegwan,"Waegwan-eup, Chilgok-gun, Gyeongsangbuk-do",4.4,8.2,0.96,937.3,13.96,3.4,0.073,1.6,2.2,0.23,2.3,2.120210472437888,3.1519115316317894,665.0,160.25104602510459,858.1478169216518,635.0069735006973,656.4388656438865,0.066,0.078,False,False,False,False,False,main_stem,,,12,winter,20
2017-12-01,M9,고령(취),Goryeong Raw Water,Raw-water sample associated with Goryeong WTP,5.0,8.2,2.27,413.5,11.7,2.2,0.069,1.2,2.2,0.08,2.5,2.1338287078464107,3.216679708908407,693.0,182.51975825197582,869.6165776944163,696.28079962808,663.1799163179916,0.071,0.079,False,False,False,False,False,main_stem,Goryeong,raw,12,winter,20
2017-12-01,M10,달성,Dalseong,Daegu/Dalseong area; Nakdong main stem,3.2,7.8,3.34,414.7,13.9,1.6,0.07,1.3,2.0,0.15,2.5,2.257620580499718,3.0577241753271642,676.0,199.07019990701997,946.0736921081113,716.9688516968852,564.8070664807066,0.073,0.081,False,False,False,False,False,main_stem,,,12,winter,20
2017-12-01,M11,고령,Goryeong,Goryeong-gun area; Nakdong River,4.7,8.18,1.77,719.5,13.53,3.4,0.095,1.6,2.8,0.15,3.1,2.747712423713064,3.2034981317468354,603.0,209.29800092980008,1011.270263558255,684.9837284983728,428.4518828451882,0.093,0.107,False,False,False,False,False,main_stem,,,12,winter,20
2017-12-01,M12,용산,Yongsan,"Lower-middle Nakdong, Changnyeong reach",3.4,8.01,0.99,547.6,13.82,2.4,0.065,0.5,2.5,0.04,2.6,2.3850778945627455,3.122994014768404,564.0,177.73128777312877,914.4569558875008,490.74848907484886,460.6694560669456,0.071,0.084,False,False,False,False,False,main_stem,,,12,winter,20
2017-12-01,M13,남지,Namji,"Namji-eup, Changnyeong-gun, Gyeongsangnam-do",3.2,8.17,1.1,532.2,14.05,1.8,0.083,1.5,2.6,0.08,2.6,2.5377874507567446,3.4316944505023446,655.0,194.83960948396094,783.4681784115218,593.5378893537888,428.21943282194326,0.074,0.081,False,False,False,False,False,main_stem,,,12,winter,20
2017-12-01,M14,본포,Bansong Raw Water,"Raw-water source for Bansong WTP, Changwon system",5.0,7.9,5.4,497.2,11.6,2.4,0.093,0.9,2.5,0.04,2.7,2.537334620821801,3.526980797385621,677.0,225.52301255230125,793.1083724848986,642.2594142259413,350.2092050209205,0.079,0.09,False,False,False,False,False,main_stem,Bansong,raw,12,winter,20
2017-12-01,M15,삼량진,Samnangjin,"Miryang-si, Gyeongsangnam-do; lower Nakdong",3.4,8.32,0.15,624.5,14.08,5.6,0.118,0.8,2.7,0.11,2.6,2.562226260520194,3.272862665057966,556.0,238.49372384937237,972.6496116034308,503.905160390516,357.13621571362154,0.092,0.089,False,False,False,False,False,main_stem,,,12,winter,20
2017-12-01,M16,물금,Mulgeum,"Yangsan-si, Gyeongsangnam-do; lower Nakdong",4.3,8.31,1.02,260.3,13.4,3.6,0.097,1.6,2.6,0.04,2.7,2.4325376536265595,3.719261416961131,713.0,265.73686657368665,842.0269642026964,627.3826127382612,331.70618317061826,0.07,0.085,False,False,False,False,False,main_stem,,,12,winter,20
2017-12-01,M17,구포,Gupo,Busan; lower Nakdong River,5.5,8.31,1.54,418.4,13.0,2.6,0.099,1.2,1.8,0.07,2.7,2.4882079045668646,3.900200980596478,693.0,269.9209669920967,867.7694346619015,640.6787540678754,352.5801952580195,0.077,0.085,False,False,False,False,False,main_stem,,,12,winter,20
2017-12-01,M18,하구둑,Nakdong River Estuary Barrage,Busan; river mouth,5.2,8.0,0.56,586.0,11.7,1.2,0.247,0.5,2.0,0.13,3.1,2.5723958697432083,3.1948941334147603,572.0,306.41562064156204,1079.116945986274,559.6466759646676,391.07391910739193,0.125,0.084,False,False,False,False,False,main_stem,,,12,winter,20
2017-12-01,T1,위천6,Wicheon 6,"Wicheon tributary, Gyeongsangbuk-do",,,,,,,,,,,,,,,,,,,,,False,False,False,False,True,tributary,,,12,winter,0
2017-12-01,T2,감천2-1,Gamcheon 2-1,"Gamcheon tributary, near Gimcheon/Gumi",1.8,8.02,2.27,1201.0,14.98,3.8,0.038,1.5,2.2,0.14,2.109,2.5763274571145267,2.5318205621489276,527.0,139.56299395629938,717.3905714938896,494.65364946536494,412.36634123663407,0.044,0.053,False,False,False,False,False,tributary,,,12,winter,20
2017-12-01,T3,금호강,Geumho River 6,"Lower Geumho River, Daegu",3.4,8.16,2.25,1811.0,14.33,2.8,0.172,1.6,2.9,0.3,3.821,3.0851381725888327,3.243934203997508,591.0,217.89865178986517,1065.1789409729515,1119.8512319851231,622.7801022780102,0.111,0.103,False,False,False,False,False,tributary,,,12,winter,20
2017-12-01,T4,회천,Hoecheon 2-1,"Hoecheon tributary, Goryeong area",4.1,8.13,1.34,599.6,13.88,3.0,0.088,1.4,2.1,0.06,2.879,2.635935022634939,3.1823331961325967,583.0,223.4309623430962,1037.6100793005762,602.5104602510461,377.9172477917247,0.089,0.093,False,False,False,False,False,tributary,,,12,winter,20
2017-12-01,T5,황강,Hwang River 5,"Hwanggang tributary, Gyeongsangnam-do",1.7,7.65,2.21,202.6,14.71,6.4,0.018,1.0,2.0,0.02,1.402,1.8460674917647053,3.5072647248859714,690.0,96.83867968386797,475.24436583673946,331.2412831241283,224.63970246397022,0.039,0.063,False,False,False,False,False,tributary,,,12,winter,20
2017-12-01,T6,밀양강3,Miryang River 3,"Miryang River, Miryang-si",2.2,7.73,2.0,356.2,14.1,2.8,0.247,1.5,2.6,0.47,1.479,2.215679212003118,2.0970484037685053,408.0,134.44909344490932,461.1734275003215,226.59228265922823,238.3077638307764,0.066,0.034,False,False,False,False,False,tributary,,,12,winter,20
2017-12-01,1,밀양호,Miryang Reservoir,"Miryang, Gyeongsangnam-do",1.9,7.7,0.2,56.9,11.6,1.8,0.022,1.2,2.4,0.01,0.6,,,,76.52254765225476,410.96258230159407,253.7889353788935,251.92933519293348,0.028,0.033,False,False,False,False,False,reservoir,,,12,winter,17
2017-12-01,2,운문호,Unmun Reservoir,"Cheongdo-gun, Gyeongsangbuk-do",3.3,7.6,0.77,106.7,11.7,1.8,0.024,1.1,2.2,0.23,1.7,,,,120.59507205950719,531.102238573089,359.73965597396557,165.50441655044165,0.044,0.06,False,False,False,False,False,reservoir,,,12,winter,17
2017-12-01,3,남강호,Namgang Reservoir / Namgang Dam Reservoir,"Jinju area, Gyeongsangnam-do",3.1,8.0,0.68,131.6,11.4,1.4,0.013,1.2,2.6,0.2,2.1,,,,251.9758251975825,663.9533144524345,449.74430497443046,248.62854486285445,0.06,0.085,False,False,False,False,False,reservoir,,,12,winter,17
2017-12-01,4,영천호(죽장천),Yeongcheon Reservoir (Jukjangcheon),Yeongcheon/Pohang-region tributary system,3.3,7.9,0.54,137.5,11.4,0.1,0.015,0.5,1.4,,1.6,,,,34.495583449558346,240.3253266330459,147.93119479311946,1478.2426778242677,0.012,0.012,False,False,False,True,False,reservoir,,,12,winter,16
2017-12-01,5,합천호,Hapcheon Reservoir,"Hapcheon-gun, Gyeongsangnam-do",2.9,7.8,0.16,149.5,11.8,0.4,0.018,0.5,1.7,0.03,1.2,,,,135.75081357508134,582.3503479206332,383.3100883310088,254.30032543003253,0.045,0.063,False,False,False,False,False,reservoir,,,12,winter,17
2017-12-01,6,구미원수,Gumi Raw Water,Gumi WTP influent/raw water,2.0,8.0,3.94,307.4,11.6,1.6,0.03,1.1,2.6,0.06,2.0,,,,143.18921431892142,808.5588098558809,403.57973035797295,568.6192468619247,0.052,0.07,False,False,False,False,False,treatment,Gumi,raw,12,winter,17
2017-12-01,7,구미침전수,Gumi Settled Water,Gumi After sedimentation,2.0,7.9,0.5,312.9,11.6,,0.016,,,,1.482,,,,62.62203626220362,410.94214800765445,379.07949790794976,480.98558809855876,0.038,0.057,False,False,False,False,False,treatment,Gumi,settled,12,winter,13
2017-12-01,8,구미여과수,Gumi Filtered Water,Gumi After filtration,2.0,7.8,0.02,312.6,11.6,,0.015,,,,1.472,,,,52.99860529986052,409.47019477387016,402.51046025104597,560.3905160390516,0.037,0.054,False,False,False,False,False,treatment,Gumi,filtered,12,winter,13
2017-12-01,9,구미오존처리수,Gumi Ozonated Water,Gumi ozonated Water,2.0,7.8,0.03,315.4,11.6,,0.02,,,,1.509,,,,54.021385402138534,389.8960718583267,423.8493723849372,629.0097629009762,0.034,0.05,False,False,False,False,False,treatment,Gumi,ozonated,12,winter,13
2017-12-01,10,구미GAC처리수,Gumi GAC-Treated Water,Gumi After granular activated carbon,2.0,7.7,0.04,315.0,11.6,,0.018,,,,1.336,,,,53.83542538354253,406.7914605779656,366.89911668991164,539.9814039981404,0.029,0.033,False,False,False,False,False,treatment,Gumi,GAC,12,winter,13
2017-12-01,11,구미정수,Gumi Finished Water,Gumi Final treated drinking water,2.0,7.66,0.06,314.1,11.6,,0.01,,,,1.339,,,,59.64667596466759,476.51790665351183,348.11715481171547,599.8140399814039,0.033,0.043,False,False,False,False,False,treatment,Gumi,finished,12,winter,13
2017-12-01,12,고령침전수,Goryeong Settled Water,Goryeong setted water/sedimentation,5.0,7.5,0.48,370.0,,,0.037,,,,1.92,,,,91.0739191073919,616.2617855645632,440.81822408182234,591.6782891678289,0.051,0.056,False,False,False,False,False,treatment,Goryeong,settled,12,winter,12
2017-12-01,13,고령여과수,Goryeong Filtered Water,Goryeong filtered water,5.0,7.5,0.07,370.0,,,0.046,,,,1.929,,,,105.06741050674104,631.5190384646451,436.3086936308693,899.1166899116689,0.046,0.05,False,False,False,False,False,treatment,Goryeong,filtered,12,winter,12
2017-12-01,14,고령오존처리수,Goryeong Ozonated Water,Goryeong  ozonated water,5.0,7.4,0.04,370.0,,,0.041,,,,1.922,,,,87.72663877266388,576.2921043918003,551.0925151092514,851.0460251046024,0.046,0.048,False,False,False,False,False,treatment,Goryeong,ozonated,12,winter,12
2017-12-01,15,고령GAC처리수,Goryeong GAC-Treated Water,Goryeong GAC treated water,5.0,7.4,0.04,370.0,,,0.045,,,,1.568,,,,80.1022780102278,538.8343092138274,399.442119944212,501.441190144119,0.035,0.022,False,False,False,False,False,treatment,Goryeong,GAC,12,winter,12
2017-12-01,16,고령정수,Goryeong Finished Water,Goryeong Final treated drinking water,5.0,7.4,0.04,370.0,,,0.018,,,,1.509,,,,72.52440725244072,496.987412961506,438.40074384007437,409.66992096699204,0.038,0.029,False,False,False,False,False,treatment,Goryeong,finished,12,winter,12
2017-12-01,17,반송오존처리수,Bansong Ozonated Water,Bansong ozonated water,5.0,8.0,3.6,480.0,,,0.087,,,,2.694,,,,378.75406787540675,938.5416433309886,773.9655973965597,1048.8609948860994,0.074,0.084,False,False,False,False,False,treatment,Bansong,ozonated,12,winter,12
2017-12-01,18,반송침전수,Bansong Settled Water,Bansong setted water/sedimentation,5.0,7.5,0.4,495.0,,,0.037,,,,2.221,,,,173.82612738261273,822.0952645993176,688.9353788935379,1199.6745699674568,0.057,0.064,False,False,False,False,False,treatment,Bansong,settled,12,winter,12
2017-12-01,19,반송F/A처리수,Bansong F/A-Treated Water,Bansong F/A treated water,4.9,7.5,,496.0,,,0.055,,,,1.773,,,,145.18828451882845,583.2147282873431,655.6950255695025,1338.4937238493724,0.041,0.026,True,False,False,False,False,treatment,Bansong,F/A,12,winter,11
2017-12-01,20,반송정수,Bansong Finished Water,Bansong Final treated drinking water,5.4,7.4,0.1,504.0,,,0.027,,,,1.812,,,,142.0269642026964,651.7457163975932,623.8028823802881,1469.9674569967456,0.041,0.043,False,False,False,False,False,treatment,Bansong,finished,12,winter,12
2018-01-01,M1,안동호,Andong Reservoir,"Andong, Gyeongsangbuk-do; upper Nakdong basin",3.2,7.06,2.21,207.0,12.02,1.4,0.013,1.3,3.2,0.005,1.933,2.227652614516543,3.912194235432607,683.0,130.54393305439328,879.2913114702782,460.7159460715946,212.31985123198513,0.051,0.11,False,False,False,False,False,main_stem,,,1,winter,20
2018-01-01,M2,임하호,Imha Reservoir,"Andong, Gyeongsangbuk-do; Banbyeoncheon/upper Nakdong basin",3.2,6.65,2.51,216.0,11.41,0.7,0.005,2.3,4.8,0.005,3.475,3.324426803368421,4.323647605249902,724.0,160.4834960483496,1791.3810992818712,816.3644816364481,325.66248256624823,0.104,0.228,False,False,False,False,False,main_stem,,,1,winter,20
2018-01-01,M3,예천,Yecheon,"Yecheon-gun, Gyeongsangbuk-do; upper Nakdong River",,,,,,,,,,,,2.3890108291814944,3.8274736270662926,694.0,144.11901441190145,895.734297358914,541.2831241283125,489.07484890748486,,,False,False,False,False,False,main_stem,,,1,winter,7
2018-01-01,M4,상주,Sangju,"Sangju-si, Gyeongsangbuk-do; upper–middle Nakdong",,,,,,,,,,,,2.3573277773349934,3.8716526164276703,667.0,122.73361227336123,850.8808321340632,493.9098093909809,367.59646675964666,,,False,False,False,False,False,main_stem,,,1,winter,7
2018-01-01,M5,낙단보,Nakdan Weir,"Sangju area, Gyeongsangbuk-do; Nakdong main stem",3.4,8.25,1.98,610.5,14.21,6.3,0.027,2.9,3.9,0.06,1.895,2.639214581377744,3.817370072704349,687.0,152.1152952115295,754.7796899761441,490.3300790330079,287.35471873547186,0.059,0.013,False,False,False,False,False,main_stem,,,1,winter,20
2018-01-01,M6,해평,Haepyeong,"Gumi-si, Gyeongsangbuk-do; Nakdong main stem",2.0,7.7,3.6,310.1,11.7,1.0,0.03,2.2,3.7,0.03,1.922,1.907005715419201,4.13673116597897,644.0,142.63133426313343,783.503561134356,466.20176662017667,295.2115295211529,0.042,0.095,False,False,False,False,False,main_stem,,,1,winter,20
2018-01-01,M7,구미,Gumi,"Gumi-si, Gyeongsangbuk-do; Nakdong main stem",3.8,8.09,2.83,240.5,13.7,1.7,0.054,3.5,4.6,0.2,2.291,2.2254954873583257,2.9754032310889964,675.0,185.91352859135284,828.2503609092466,605.9507205950721,352.1152952115295,0.067,0.137,False,False,False,False,False,main_stem,,,1,winter,20
2018-01-01,M8,왜관,Waegwan,"Waegwan-eup, Chilgok-gun, Gyeongsangbuk-do",2.3,8.08,1.67,483.4,14.55,2.5,0.061,2.4,5.4,0.31,2.361,2.220759863826049,2.9361923097799516,657.0,175.59274755927476,874.7416820911453,586.7503486750348,330.3114830311483,0.073,0.143,False,False,False,False,False,main_stem,,,1,winter,20
2018-01-01,M9,고령(취),Goryeong Raw Water,Raw-water sample associated with Goryeong WTP,3.0,8.0,2.03,363.0,11.7,1.7,0.078,3.1,4.6,0.16,2.269,2.050479757772021,3.0407128497533824,656.0,235.98326359832632,823.6391016675985,572.1059972105996,367.41050674105065,0.081,0.13,False,False,False,False,False,main_stem,Goryeong,raw,1,winter,20
2018-01-01,M10,달성,Dalseong,Daegu/Dalseong area; Nakdong main stem,3.4,8.3,3.75,521.2,15.07,1.5,0.078,2.1,3.3,0.16,2.352,2.4171324079767342,2.8787268671542128,666.0,252.4407252440725,831.4382400460576,619.6652719665271,357.41515574151555,0.078,0.145,False,False,False,False,False,main_stem,,,1,winter,20
2018-01-01,M11,고령,Goryeong,Goryeong-gun area; Nakdong River,3.2,8.18,2.01,755.6,14.06,0.9,0.112,2.0,4.4,0.16,2.963,2.3160588865666614,2.883630980750083,577.0,299.07019990701997,941.1929675183428,789.7257089725707,524.3607624360762,0.093,0.16,False,False,False,False,False,main_stem,,,1,winter,20
2018-01-01,M12,용산,Yongsan,"Lower-middle Nakdong, Changnyeong reach",3.3,8.28,2.0,540.0,14.75,0.6,0.085,1.3,2.9,0.03,2.221,2.182413049859702,2.701973326261887,536.0,224.91864249186423,853.0301086238784,504.602510460251,392.0037192003719,0.061,0.101,False,False,False,False,False,main_stem,,,1,winter,20
2018-01-01,M13,남지,Namji,"Namji-eup, Changnyeong-gun, Gyeongsangnam-do",3.9,8.58,2.5,535.6,14.54,1.4,0.116,1.1,5.0,0.21,2.541,2.0324228879422117,2.753966284611142,560.0,336.35518363551836,855.9528898999736,625.0581125058112,485.12319851231985,0.087,0.14,False,False,False,False,False,main_stem,,,1,winter,20
2018-01-01,M14,본포,Bansong Raw Water,"Raw-water source for Bansong WTP, Changwon system",2.4,8.1,4.51,511.0,11.5,1.2,0.125,2.2,5.6,0.11,2.376,1.459487320754717,2.8379462098134582,537.0,240.9576940957694,853.9756643799468,492.7010692701069,367.45699674569966,0.079,0.098,False,False,False,False,False,main_stem,Bansong,raw,1,winter,20
2018-01-01,M15,삼량진,Samnangjin,"Miryang-si, Gyeongsangnam-do; lower Nakdong",3.1,8.28,3.0,527.9,13.48,1.4,0.126,1.9,4.2,0.1,2.433,2.073944927815207,2.6080466943171157,530.0,303.20781032078105,940.1860807718547,585.3091585309159,459.9256159925616,0.083,0.129,False,False,False,False,False,main_stem,,,1,winter,20
2018-01-01,M16,물금,Mulgeum,"Yangsan-si, Gyeongsangnam-do; lower Nakdong",2.3,8.04,2.41,586.2,14.2,1.6,0.162,1.5,4.4,0.07,2.462,2.205400904182107,2.7460343255983735,560.0,315.34170153417017,990.0374422332059,594.979079497908,313.6680613668061,0.094,0.136,False,False,False,False,False,main_stem,,,1,winter,20
2018-01-01,M17,구포,Gupo,Busan; lower Nakdong River,4.2,8.37,2.0,563.7,14.54,2.4,0.162,1.9,5.0,0.18,2.526,2.433346624290579,2.8902038175519627,543.0,304.55602045560204,984.3787426762848,564.2956764295676,394.4676894467689,0.094,0.12,False,False,False,False,False,main_stem,,,1,winter,20
2018-01-01,M18,하구둑,Nakdong River Estuary Barrage,Busan; river mouth,,,,,,,,,,,,2.5723958697432083,3.1948941334147603,572.0,306.41562064156204,1079.116945986274,559.6466759646676,391.07391910739193,,,False,False,False,False,False,main_stem,,,1,winter,7
2018-01-01,T1,위천6,Wicheon 6,"Wicheon tributary, Gyeongsangbuk-do",,,,,,,,,,,,,,,,,,,,,False,False,False,False,True,tributary,,,1,winter,0
2018-01-01,T2,감천2-1,Gamcheon 2-1,"Gamcheon tributary, near Gimcheon/Gumi",3.0,7.97,1.55,512.4,13.7,0.6,0.04,2.6,4.2,0.42,2.074,2.5541930591145188,2.731858059783933,553.0,129.75360297536028,649.6281143319588,512.2733612273361,383.91445839144575,0.059,0.144,False,False,False,False,False,tributary,,,1,winter,20
2018-01-01,T3,금호강,Geumho River 6,"Lower Geumho River, Daegu",3.9,8.11,3.66,1316.0,14.65,1.2,0.147,0.8,1.9,0.33,3.922,2.8908413296616837,3.1133210116790537,602.0,301.766620176662,1027.9382652783486,1187.8661087866108,688.2845188284518,0.107,0.17,False,False,False,False,False,tributary,,,1,winter,20
2018-01-01,T4,회천,Hoecheon 2-1,"Hoecheon tributary, Goryeong area",2.3,8.09,1.02,753.6,14.9,1.8,0.125,2.3,4.1,0.14,2.734,2.4716396973392456,2.8897225830170776,574.0,243.51464435146443,880.5416876187945,750.4881450488145,488.47047884704784,0.078,0.116,False,False,False,False,False,tributary,,,1,winter,20
2018-01-01,T5,황강,Hwang River 5,"Hwanggang tributary, Gyeongsangnam-do",6.6,7.93,2.0,209.0,13.17,1.0,0.021,1.4,2.2,0.02,1.287,1.927125249736565,3.011371178719212,612.0,100.92980009297999,537.3831068836469,302.231520223152,260.2045560204556,0.031,0.062,False,False,False,False,False,tributary,,,1,winter,20
2018-01-01,T6,밀양강3,Miryang River 3,"Miryang River, Miryang-si",3.2,7.9,2.51,635.1,13.46,1.2,0.241,1.3,4.3,0.42,1.625,2.1688211746753248,1.6843462750950569,403.0,173.0822873082287,545.3481944786922,299.163179916318,310.9716410971641,0.065,0.054,False,False,False,False,False,tributary,,,1,winter,20
2018-01-01,1,밀양호,Miryang Reservoir,"Miryang, Gyeongsangnam-do",3.0,8.0,0.3,55.0,11.5,0.5,0.028,1.3,6.5,0.01,,,,,70.5718270571827,409.29962211970576,270.1999070199907,170.06043700604368,0.031,0.049,False,False,False,False,False,reservoir,,,1,winter,16
2018-01-01,2,운문호,Unmun Reservoir,"Cheongdo-gun, Gyeongsangbuk-do",,,,,,,,,,,1.7,,,,120.59507205950719,531.102238573089,359.73965597396557,165.50441655044165,,,False,False,False,False,False,reservoir,,,1,winter,5
2018-01-01,3,남강호,Namgang Reservoir / Namgang Dam Reservoir,"Jinju area, Gyeongsangnam-do",,,,,,,,,,,,,,,251.9758251975825,663.9533144524345,449.74430497443046,248.62854486285445,,,False,False,False,False,False,reservoir,,,1,winter,4
2018-01-01,4,영천호(죽장천),Yeongcheon Reservoir (Jukjangcheon),Yeongcheon/Pohang-region tributary system,,,,,,,,,,,,,,,34.495583449558346,240.3253266330459,147.93119479311946,1478.2426778242677,,,False,False,False,False,False,reservoir,,,1,winter,4
2018-01-01,5,합천호,Hapcheon Reservoir,"Hapcheon-gun, Gyeongsangnam-do",3.0,8.0,0.1,150.0,11.7,0.2,0.017,1.7,3.8,0.08,1.2,,,,131.5667131566713,568.9016481362463,378.98651789865175,247.04788470478846,0.037,0.063,False,False,False,False,False,reservoir,,,1,winter,17
2018-01-01,6,구미원수,Gumi Raw Water,Gumi WTP influent/raw water,2.0,7.7,3.6,310.1,11.7,1.0,0.03,2.2,3.7,0.03,2.4,,,,142.63133426313343,783.503561134356,466.20176662017667,295.2115295211529,0.042,0.095,False,False,False,False,False,treatment,Gumi,raw,1,winter,17
2018-01-01,7,구미침전수,Gumi Settled Water,Gumi After sedimentation,2.0,7.6,0.25,320.0,11.7,,0.015,,,,1.717,,,,84.84425848442584,505.9742881000969,429.2887029288703,282.9846582984658,0.038,0.055,False,False,False,False,False,treatment,Gumi,settled,1,winter,13
2018-01-01,8,구미여과수,Gumi Filtered Water,Gumi After filtration,2.0,7.5,0.04,323.5,11.7,,0.018,,,,1.677,,,,76.89446768944676,505.60669456066944,438.07531380753136,321.7108321710832,0.035,0.048,False,False,False,False,False,treatment,Gumi,filtered,1,winter,13
2018-01-01,9,구미오존처리수,Gumi Ozonated Water,Gumi ozonated Water,2.0,7.4,0.04,328.5,11.7,,0.019,,,,1.71,,,,80.4741980474198,560.2180954571736,475.73221757322176,348.6750348675035,0.037,0.057,False,False,False,False,False,treatment,Gumi,ozonated,1,winter,13
2018-01-01,10,구미GAC처리수,Gumi GAC-Treated Water,Gumi After granular activated carbon,2.0,7.4,0.04,322.2,11.7,,0.022,,,,1.544,,,,73.26824732682473,511.4269013044548,400.325430032543,330.8693630869363,0.029,0.044,False,False,False,False,False,treatment,Gumi,GAC,1,winter,13
2018-01-01,11,구미정수,Gumi Finished Water,Gumi Final treated drinking water,2.0,7.3,0.07,325.0,11.7,,0.006,,,,1.568,,,,73.26824732682473,523.8369839309764,461.1343561134356,239.37703393770337,0.035,0.047,False,False,False,False,False,treatment,Gumi,finished,1,winter,13
2018-01-01,12,고령침전수,Goryeong Settled Water,Goryeong setted water/sedimentation,3.0,7.4,0.61,365.0,,,0.049,,,,2.199,,,,142.77080427708043,702.8772147321657,617.8986517898652,446.3040446304044,0.049,0.07,False,False,False,False,False,treatment,Goryeong,settled,1,winter,12
2018-01-01,13,고령여과수,Goryeong Filtered Water,Goryeong filtered water,3.0,7.4,0.07,365.0,,,0.041,,,,2.118,,,,144.44444444444446,825.5367015188629,587.5871687587168,482.9846582984658,0.049,0.066,False,False,False,False,False,treatment,Goryeong,filtered,1,winter,12
2018-01-01,14,고령오존처리수,Goryeong Ozonated Water,Goryeong  ozonated water,3.0,7.4,0.07,365.0,,,0.052,,,,2.159,,,,145.65318456531844,810.1461044685193,651.3249651324965,957.8335657833566,0.048,0.056,False,False,False,False,False,treatment,Goryeong,ozonated,1,winter,12
2018-01-01,15,고령GAC처리수,Goryeong GAC-Treated Water,Goryeong GAC treated water,3.0,7.3,0.06,365.0,,,0.065,,,,1.845,,,,134.17015341701534,615.2551687236299,468.4332868433287,291.9572291957229,0.041,0.038,False,False,False,False,False,treatment,Goryeong,GAC,1,winter,12
2018-01-01,16,고령정수,Goryeong Finished Water,Goryeong Final treated drinking water,3.0,7.3,0.06,368.0,,,0.029,,,,1.841,,,,139.9349139934914,675.4921123448843,499.0701999070199,300.743840074384,0.044,0.055,False,False,False,False,False,treatment,Goryeong,finished,1,winter,12
2018-01-01,17,반송오존처리수,Bansong Ozonated Water,Bansong ozonated water,2.8,7.7,3.55,505.0,,,0.135,,,,2.911,,,,185.91352859135284,828.2503609092466,605.9507205950721,352.1152952115295,0.07,0.066,False,False,False,False,False,treatment,Bansong,ozonated,1,winter,12
2018-01-01,18,반송침전수,Bansong Settled Water,Bansong setted water/sedimentation,2.8,7.5,0.17,519.0,,,0.068,,,,2.424,,,,293.7703393770339,787.6913896348105,576.3365876336587,341.32961413296135,0.069,0.065,False,False,False,False,False,treatment,Bansong,settled,1,winter,12
2018-01-01,19,반송F/A처리수,Bansong F/A-Treated Water,Bansong F/A treated water,2.9,7.4,0.03,517.0,,,0.091,,,,1.897,,,,135.14644351464435,1087.254258379561,282.7522082752208,446.9549046954905,0.046,0.035,False,False,False,False,False,treatment,Bansong,F/A,1,winter,12
2018-01-01,20,반송정수,Bansong Finished Water,Bansong Final treated drinking water,3.6,7.4,0.05,527.0,,,0.049,,,,1.919,,,,165.13249651324963,475.67151559823964,547.5127847512784,332.0781032078103,0.046,0.043,False,False,False,False,False,treatment,Bansong,finished,1,winter,12
2018-02-01,M1,안동호,Andong Reservoir,"Andong, Gyeongsangbuk-do; upper Nakdong basin",3.93,7.1,3.62,225.0,12.22,0.4,0.016,0.9,3.5,0.011,2.02,2.108591065601826,3.5233172173913045,718.0,270.2463970246397,988.8075313807531,576.2900976290098,514.7838214783822,0.063,0.098,False,False,False,False,False,main_stem,,,2,winter,20
2018-02-01,M2,임하호,Imha Reservoir,"Andong, Gyeongsangbuk-do; Banbyeoncheon/upper Nakdong basin",4.57,7.3,3.93,221.0,12.04,0.9,0.013,2.1,5.6,0.019,3.475,2.097039759372276,3.5811590172147634,711.0,315.5741515574151,2115.666789321361,848.3031148303114,1303.8586703858668,0.114,0.217,False,False,False,False,False,main_stem,,,2,winter,20
2018-02-01,M3,예천,Yecheon,"Yecheon-gun, Gyeongsangbuk-do; upper Nakdong River",4.1,8.12,2.54,331.5,13.09,0.1,0.023,1.3,4.4,0.127,2.356,1.3233053518234754,2.0217618150137104,734.0,368.0613668061367,919.3403427630741,697.3965597396559,941.3296141329614,0.034,0.056,False,False,False,False,False,main_stem,,,2,winter,20
2018-02-01,M4,상주,Sangju,"Sangju-si, Gyeongsangbuk-do; upper–middle Nakdong",,,,,,,,,,,,2.3573277773349934,3.8716526164276703,667.0,122.73361227336123,850.8808321340632,493.9098093909809,367.59646675964666,,,False,False,False,False,False,main_stem,,,2,winter,7
2018-02-01,M5,낙단보,Nakdan Weir,"Sangju area, Gyeongsangbuk-do; Nakdong main stem",4.7,8.79,2.59,320.4,16.4,1.899999999999999,0.025,1.1,4.1,0.046,2.126,1.6264218276665114,3.6783713503297215,718.0,382.93816829381683,860.1860167588511,604.230590423059,1055.5090655509066,0.064,0.118,False,False,False,False,False,main_stem,,,2,winter,20
2018-02-01,M6,해평,Haepyeong,"Gumi-si, Gyeongsangbuk-do; Nakdong main stem",5.0,8.1,4.5,302.3,9.9,1.2999999999999956,0.028,1.4,3.8,0.072,1.94,1.9041962587727899,3.371272806460084,719.0,302.60344026034403,778.9950415663859,598.977219897722,588.5634588563458,0.07,0.107,False,False,False,False,False,main_stem,,,2,winter,20
2018-02-01,M7,구미,Gumi,"Gumi-si, Gyeongsangbuk-do; Nakdong main stem",6.4,8.39,2.06,400.1,13.03,3.1,0.043,1.3,4.7,0.256,2.259,1.4159718896130908,2.7551331652550006,701.0,383.2635983263598,867.8969968330679,693.723849372385,1325.8484425848442,0.082,0.115,False,False,False,False,False,main_stem,,,2,winter,20
2018-02-01,M8,왜관,Waegwan,"Waegwan-eup, Chilgok-gun, Gyeongsangbuk-do",5.4,8.34,1.51,524.6,13.82,2.799999999999997,0.059,1.4,4.8,0.198,2.41,1.5365280806188923,2.826237492175136,699.0,373.1287773128777,892.9592813722429,750.1627150162714,1289.3537889353788,0.087,0.121,False,False,False,False,False,main_stem,,,2,winter,20
2018-02-01,M9,고령(취),Goryeong Raw Water,Raw-water sample associated with Goryeong WTP,5.0,8.3,3.3,369.0,10.9,2.7,0.061,1.9,4.7,0.071,2.494,1.8688909356568362,2.6720945709828396,693.0,476.80148768014874,896.8866693660863,736.6341236634123,910.3672710367271,0.084,0.126,False,False,False,False,False,main_stem,Goryeong,raw,2,winter,20
2018-02-01,M10,달성,Dalseong,Daegu/Dalseong area; Nakdong main stem,6.2,8.3,3.44,494.8,14.51,3.4000000000000004,0.075,2.2,5.6,0.16,2.645,1.9388270609555194,2.0783039468138482,692.0,484.65829846582983,941.0475320505069,869.4095769409577,695.9553695955369,0.075,0.127,False,False,False,False,False,main_stem,,,2,winter,20
2018-02-01,M11,고령,Goryeong,Goryeong-gun area; Nakdong River,6.8,7.75,1.26,633.3,14.23,3.9,0.099,2.7,6.1,0.304,2.789,1.8432289139610387,2.647839317269989,680.0,349.83728498372847,921.9822305973693,905.950720595072,1111.62250116225,0.092,0.125,False,False,False,False,False,main_stem,,,2,winter,20
2018-02-01,M12,용산,Yongsan,"Lower-middle Nakdong, Changnyeong reach",5.4,8.54,1.33,588.8,14.63,2.2,0.102,1.7,3.8,0.117,2.428,2.3430572853389386,2.5906170111066813,577.0,238.77266387726638,908.4370209530314,673.3612273361227,709.5769409576941,0.069,0.102,False,False,False,False,False,main_stem,,,2,winter,20
2018-02-01,M13,남지,Namji,"Namji-eup, Changnyeong-gun, Gyeongsangnam-do",4.9,8.56,1.52,460.4,14.52,1.0000000000000009,0.108,1.8,3.6,0.295,2.008,1.6913883673469388,2.3774886671145445,580.0,253.60297536029753,778.5446995406526,543.2821943282194,1511.7154811715482,0.066,0.083,False,False,False,False,False,main_stem,,,2,winter,20
2018-02-01,M14,본포,Bansong Raw Water,"Raw-water source for Bansong WTP, Changwon system",5.7,8.2,3.76,310.0,9.9,1.7,0.123,1.1,4.6,0.254,2.62,2.23762631984461,2.133898242580221,589.0,608.972570897257,942.1702309333141,657.2291957229196,523.5704323570433,0.083,0.111,False,False,False,False,False,main_stem,Bansong,raw,2,winter,20
2018-02-01,M15,삼량진,Samnangjin,"Miryang-si, Gyeongsangnam-do; lower Nakdong",4.4,8.05,1.93,439.6,14.27,2.500000000000002,0.185,2.0,5.0,0.194,2.393,2.2812693469985357,2.5718371065138386,587.0,258.62389586238953,923.4601965982719,667.9218967921897,560.5299860529985,0.093,0.097,False,False,False,False,False,main_stem,,,2,winter,20
2018-02-01,M16,물금,Mulgeum,"Yangsan-si, Gyeongsangnam-do; lower Nakdong",5.1,8.4,1.54,640.5,14.57,1.1000000000000036,0.175,1.9,4.5,0.157,2.356,2.0017627164634146,2.612053469858057,613.0,309.1585309158531,926.3531654011236,699.0237099023709,657.3686657368665,0.087,0.094,False,False,False,False,False,main_stem,,,2,winter,20
2018-02-01,M17,구포,Gupo,Busan; lower Nakdong River,6.6,9.01,1.66,594.8,14.91,2.0000000000000018,0.188,1.8,4.9,0.207,2.706,2.3552914853898814,3.1292265532710277,707.0,363.08693630869357,883.5770606349338,860.0650860065085,568.9446768944676,0.098,0.112,False,False,False,False,False,main_stem,,,2,winter,20
2018-02-01,M18,하구둑,Nakdong River Estuary Barrage,Busan; river mouth,6.5,7.71,0.92,308.0,8.8,0.7,0.552,3.4,9.5,0.193,2.651,2.1863859766081872,2.925883464247113,719.0,355.18363551836353,854.6468205436379,900.6973500697349,599.721059972106,0.139,0.122,False,False,False,False,False,main_stem,,,2,winter,20
2018-02-01,T1,위천6,Wicheon 6,"Wicheon tributary, Gyeongsangbuk-do",,,,,,,,,,,,,,,,,,,,,False,False,False,False,True,tributary,,,2,winter,0
2018-02-01,T2,감천2-1,Gamcheon 2-1,"Gamcheon tributary, near Gimcheon/Gumi",6.5,7.84,1.83,720.6,12.55,2.1000000000000045,0.049,1.4,5.8,0.459,2.184,2.0022836637608963,2.617200947368421,633.0,189.67921896792188,706.9425073609174,723.3844723384473,825.1510925151091,0.079,0.115,False,False,False,False,False,tributary,,,2,winter,20
2018-02-01,T3,금호강,Geumho River 6,"Lower Geumho River, Daegu",7.8,8.23,1.78,1098.0,14.26,3.7,0.166,2.6,6.9,0.46,3.594,1.8020857901279048,1.8588881693480102,527.0,463.64481636448164,1638.2971553733396,1538.3077638307761,1562.3895862389586,0.132,0.166,False,False,False,False,False,tributary,,,2,winter,20
2018-02-01,T4,회천,Hoecheon 2-1,"Hoecheon tributary, Goryeong area",5.6,8.54,1.33,814.5,14.74,2.799999999999997,0.122,1.4,4.9,0.128,2.821,1.8289543646911615,2.54470241969277,579.0,337.65690376569034,1097.4384974794677,819.4328219432822,1947.0013947001394,0.097,0.121,False,False,False,False,False,tributary,,,2,winter,20
2018-02-01,T5,황강,Hwang River 5,"Hwanggang tributary, Gyeongsangnam-do",8.3,8.05,2.08,189.6,12.57,0.3,0.025,1.5,2.1,0.0,1.256,1.56530112945591,2.714591706525492,721.0,190.98093909809387,462.4295421600308,406.4156206415621,565.5973965597397,0.026,0.041,False,False,False,False,False,tributary,,,2,winter,20
2018-02-01,T6,밀양강3,Miryang River 3,"Miryang River, Miryang-si",6.6,8.13,1.71,839.5,12.6,1.5000000000000013,0.437,1.0,2.5,0.481,1.331,1.305887411195577,1.3385748606326888,395.0,122.3152022315202,574.5355173012123,217.71269177126916,980.0092980009297,0.069,0.044,False,False,False,False,False,tributary,,,2,winter,20
2018-02-01,1,밀양호,Miryang Reservoir,"Miryang, Gyeongsangnam-do",6.8,7.2,0.35,79.0,9.0,0.2,0.023,0.8,2.5,0.021,0.6,,,,111.76197117619711,442.3404277277003,344.0725244072524,570.0139470013946,0.03,0.042,False,False,False,False,False,reservoir,,,2,winter,17
2018-02-01,2,운문호,Unmun Reservoir,"Cheongdo-gun, Gyeongsangbuk-do",,,,,,,,,,,1.5,,,,120.59507205950719,531.102238573089,359.73965597396557,165.50441655044165,,,False,False,False,False,False,reservoir,,,2,winter,5
2018-02-01,3,남강호,Namgang Reservoir / Namgang Dam Reservoir,"Jinju area, Gyeongsangnam-do",6.9,7.7,1.14,110.0,9.8,0.1,0.021,1.0,2.4,0.074,1.6,,,,313.6680613668061,514.5736535024623,428.35890283589026,603.765690376569,0.043,0.065,False,False,False,False,False,reservoir,,,2,winter,17
2018-02-01,4,영천호(죽장천),Yeongcheon Reservoir (Jukjangcheon),Yeongcheon/Pohang-region tributary system,6.7,7.6,0.99,253.0,9.8,0.2,0.016,1.3,2.1,0.0,,,,,105.06741050674104,253.3589466943852,176.80148768014877,1281.0320781032078,0.014,0.026,False,False,False,False,False,reservoir,,,2,winter,16
2018-02-01,5,합천호,Hapcheon Reservoir,"Hapcheon-gun, Gyeongsangnam-do",6.8,7.75,0.12,172.0,9.0,0.2,0.024,1.3,2.5,0.176,1.2,,,,158.01952580195257,525.1630096712305,447.93119479311946,756.4853556485355,0.041,0.087,False,False,False,False,False,reservoir,,,2,winter,17
2018-02-01,6,구미원수,Gumi Raw Water,Gumi WTP influent/raw water,5.0,8.1,4.5,302.3,9.9,1.2999999999999956,0.028,1.4,3.8,0.072,2.0,,,,302.60344026034403,778.9950415663859,598.977219897722,588.5634588563458,0.07,0.107,False,False,False,False,False,treatment,Gumi,raw,2,winter,17
2018-02-01,7,구미침전수,Gumi Settled Water,Gumi After sedimentation,5.0,7.6,0.3,310.8,9.9,,0.018,,,,1.748,,,,124.50023245002323,490.5888127907248,571.1761971176196,856.7178056717805,0.038,0.056,False,False,False,False,False,treatment,Gumi,settled,2,winter,13
2018-02-01,8,구미여과수,Gumi Filtered Water,Gumi After filtration,5.0,7.6,0.05,308.8,9.9,,0.018,,,,1.772,,,,121.01348210134822,503.78775609467186,590.6555090655509,596.1878196187819,0.036,0.056,False,False,False,False,False,treatment,Gumi,filtered,2,winter,13
2018-02-01,9,구미오존처리수,Gumi Ozonated Water,Gumi ozonated Water,5.0,7.5,0.05,307.4,9.9,,0.022,,,,1.784,,,,106.36913063691304,563.9739933526232,489.21431892143187,845.1882845188284,0.034,0.066,False,False,False,False,False,treatment,Gumi,ozonated,2,winter,13
2018-02-01,10,구미GAC처리수,Gumi GAC-Treated Water,Gumi After granular activated carbon,5.0,7.5,0.04,311.6,9.9,,0.018,,,,1.556,,,,104.69549046954903,537.5626791420946,458.1589958158996,1162.2501162250117,0.031,0.043,False,False,False,False,False,treatment,Gumi,GAC,2,winter,13
2018-02-01,11,구미정수,Gumi Finished Water,Gumi Final treated drinking water,5.0,7.4,0.07,308.4,9.9,,0.013,,,,1.596,,,,105.99721059972104,518.4865490140093,559.0887959088795,640.4463040446303,0.033,0.047,False,False,False,False,False,treatment,Gumi,finished,2,winter,13
2018-02-01,12,고령침전수,Goryeong Settled Water,Goryeong setted water/sedimentation,5.0,7.7,0.54,383.0,,,0.044,,,,2.373,,,,164.15620641562063,739.6112952598309,635.8437935843793,988.1915388191538,0.047,0.074,False,False,False,False,False,treatment,Goryeong,settled,2,winter,12
2018-02-01,13,고령여과수,Goryeong Filtered Water,Goryeong filtered water,5.0,7.4,0.06,383.0,,,0.016,,,,2.322,,,,155.18363551836356,780.1258769973592,592.9335192933519,1167.8289167828916,0.046,0.064,False,False,False,False,False,treatment,Goryeong,filtered,2,winter,12
2018-02-01,14,고령오존처리수,Goryeong Ozonated Water,Goryeong  ozonated water,5.0,7.4,0.06,383.0,,,0.048,,,,2.449,,,,147.09437470943746,963.4646675964667,597.0246397024639,773.8726173872617,0.049,0.074,False,False,False,False,False,treatment,Goryeong,ozonated,2,winter,12
2018-02-01,15,고령GAC처리수,Goryeong GAC-Treated Water,Goryeong GAC treated water,5.0,7.3,0.06,385.0,,,0.049,,,,1.791,,,,171.3156671315667,677.435219848785,514.0399814039981,1096.0948396094839,0.037,0.032,False,False,False,False,False,treatment,Goryeong,GAC,2,winter,12
2018-02-01,16,고령정수,Goryeong Finished Water,Goryeong Final treated drinking water,5.0,7.3,0.03,375.0,,,0.023,,,,1.934,,,,160.3905160390516,741.1940773926393,520.6415620641561,1415.34170153417,0.042,0.061,False,False,False,False,False,treatment,Goryeong,finished,2,winter,12
2018-02-01,17,반송오존처리수,Bansong Ozonated Water,Bansong ozonated water,6.6,8.3,7.86,519.0,,,0.127,,,,3.354,,,,16.410971641097163,394.4533681384523,335.3324035332403,212.92422129242212,0.089,0.116,False,False,False,False,False,treatment,Bansong,ozonated,2,winter,12
2018-02-01,18,반송침전수,Bansong Settled Water,Bansong setted water/sedimentation,5.3,7.6,0.18,520.0,,,0.075,,,,2.383,,,,12.691771269177128,397.3901827921156,354.8117154811715,226.17387261738725,0.06,0.065,False,False,False,False,False,treatment,Bansong,settled,2,winter,12
2018-02-01,19,반송F/A처리수,Bansong F/A-Treated Water,Bansong F/A treated water,5.2,7.6,0.04,517.0,,,0.098,,,,1.937,,,,9.205020920502092,356.66192826234663,308.08926080892604,199.99999999999997,0.043,0.062,False,False,False,False,False,treatment,Bansong,F/A,2,winter,12
2018-02-01,20,반송정수,Bansong Finished Water,Bansong Final treated drinking water,5.1,7.3,0.05,527.0,,,0.043,,,,1.944,,,,20.1301720130172,377.0609564509797,313.7610413761041,220.40911204091117,0.043,0.048,False,False,False,False,False,treatment,Bansong,finished,2,winter,12
2018-03-01,M1,안동호,Andong Reservoir,"Andong, Gyeongsangbuk-do; upper Nakdong basin",11.0,7.95,1.08,154.0,8.3,0.4,0.016,0.6,3.4,0.005,2.261,1.7443527874743328,3.5468538961745604,725.0,208.22873082287308,906.4210971496343,538.5867038586704,942.6778242677824,0.07,0.089,False,False,False,False,False,main_stem,,,3,spring,20
2018-03-01,M2,임하호,Imha Reservoir,"Andong, Gyeongsangbuk-do; Banbyeoncheon/upper Nakdong basin",10.3,7.69,2.03,153.2,8.6,0.3,0.012,0.4,5.2,0.01,3.904,2.3933626007156388,4.009796426756136,781.0,232.58949325894932,1877.3998973534,977.4523477452346,1396.74569967457,0.092,0.122,False,False,False,False,False,main_stem,,,3,spring,20
2018-03-01,M3,예천,Yecheon,"Yecheon-gun, Gyeongsangbuk-do; upper Nakdong River",9.9,7.91,0.97,359.9,12.05,2.500000000000002,0.022,0.8,5.1,0.005,2.732,2.4846444515824277,3.7501402871451015,735.0,365.55090655509065,1198.5977739040466,746.1645746164575,569.0376569037657,0.069,0.088,False,False,False,False,False,main_stem,,,3,spring,20
2018-03-01,M4,상주,Sangju,"Sangju-si, Gyeongsangbuk-do; upper–middle Nakdong",8.6,7.75,0.85,220.6,11.23,6.0,0.019,2.1,6.1,0.005,2.993,3.0074757453183523,4.863249273739631,752.0,521.9432821943282,1332.1205299884537,833.4263133426313,394.18874941887486,0.081,0.105,False,False,False,False,False,main_stem,,,3,spring,20
2018-03-01,M5,낙단보,Nakdan Weir,"Sangju area, Gyeongsangbuk-do; Nakdong main stem",8.4,8.44,2.54,279.8,13.79,1.3999999999999986,0.027,2.0,4.9,0.122,2.388,2.271979943984723,3.5242714184611668,767.0,288.7494188749419,852.3176689131324,637.8893537889353,259.55369595536956,0.07,0.076,False,False,False,False,False,main_stem,,,3,spring,20
2018-03-01,M6,해평,Haepyeong,"Gumi-si, Gyeongsangbuk-do; Nakdong main stem",7.0,7.2,15.82,283.7,10.0,3.6,0.027,1.7,4.9,0.005,2.041,1.4437791530597952,3.606315697952975,718.0,244.58391445839143,807.2856188526516,571.0367271036727,1566.6666666666665,0.067,0.094,False,False,False,False,False,main_stem,,,3,spring,20
2018-03-01,M7,구미,Gumi,"Gumi-si, Gyeongsangbuk-do; Nakdong main stem",8.6,8.46,1.99,325.6,13.1,2.9,0.034,1.2,5.4,0.077,2.041,1.3445104140435835,3.6232233001484047,705.0,299.488609948861,828.189750236231,619.5258019525802,1931.7061831706183,0.058,0.075,False,False,False,False,False,main_stem,,,3,spring,20
2018-03-01,M8,왜관,Waegwan,"Waegwan-eup, Chilgok-gun, Gyeongsangbuk-do",8.7,8.24,2.01,423.3,12.77,3.799999999999998,0.046,2.5,5.1,0.202,2.2,1.8974091511487299,3.140152063034115,751.0,268.2008368200837,768.3540642515017,710.9251510925151,437.0990237099023,0.069,0.064,False,False,False,False,False,main_stem,,,3,spring,20
2018-03-01,M9,고령(취),Goryeong Raw Water,Raw-water sample associated with Goryeong WTP,7.0,8.1,8.02,347.0,10.0,2.600000000000005,0.056,1.8,5.0,0.011,2.574,1.2120468191789406,3.372390110975461,725.0,338.5402138540214,848.4302544619874,674.3375174337517,2130.21850302185,0.076,0.073,False,False,False,False,False,main_stem,Goryeong,raw,3,spring,20
2018-03-01,M10,달성,Dalseong,Daegu/Dalseong area; Nakdong main stem,7.1,8.47,2.03,432.5,14.3,3.0,0.058,2.1,6.0,0.144,2.2,1.8326071568694464,2.7368101109515255,713.0,354.7187354718735,866.3868167220453,709.9488609948861,738.4937238493724,0.078,0.104,False,False,False,False,False,main_stem,,,3,spring,20
2018-03-01,M11,고령,Goryeong,Goryeong-gun area; Nakdong River,7.4,8.28,1.87,586.7,13.67,4.2,0.064,1.2,5.5,0.356,2.732,1.5238546441281138,2.65551105149271,692.0,425.70897257089723,903.0680548860759,751.4179451417945,1686.5643886564387,0.08,0.103,False,False,False,False,False,main_stem,,,3,spring,20
2018-03-01,M12,용산,Yongsan,"Lower-middle Nakdong, Changnyeong reach",8.0,8.24,2.82,794.9,13.47,1.899999999999999,0.098,1.0,5.6,0.23,2.649,2.095231095505618,2.679952625217781,615.0,459.9256159925616,1038.028050877928,843.2821943282194,962.6220362622036,0.093,0.082,False,False,False,False,False,main_stem,,,3,spring,20
2018-03-01,M13,남지,Namji,"Namji-eup, Changnyeong-gun, Gyeongsangnam-do",7.5,8.3,2.5,796.5,13.53,1.6,0.104,0.9,4.9,0.278,3.04,2.139341223832052,2.269427404140414,590.0,432.8219432821943,1052.6267531808637,731.0553231055322,775.1278475127846,0.072,0.08,False,False,False,False,False,main_stem,,,3,spring,20
2018-03-01,M14,본포,Bansong Raw Water,"Raw-water source for Bansong WTP, Changwon system",7.7,8.3,8.28,524.0,11.0,3.900000000000001,0.112,1.1,5.0,0.189,2.563,1.6453462392717815,2.4298124306930693,628.0,430.3579730357973,960.9457793966417,631.2412831241282,919.200371920037,0.075,0.072,False,False,False,False,False,main_stem,Bansong,raw,3,spring,20
2018-03-01,M15,삼량진,Samnangjin,"Miryang-si, Gyeongsangnam-do; lower Nakdong",7.4,8.25,1.84,695.3,13.23,2.3999999999999995,0.152,1.1,4.9,0.066,2.276,1.27648101022704,2.7875989373734975,618.0,443.2821943282194,871.6109650584415,679.4979079497907,2343.189214318921,0.085,0.089,False,False,False,False,False,main_stem,,,3,spring,20
2018-03-01,M16,물금,Mulgeum,"Yangsan-si, Gyeongsangnam-do; lower Nakdong",7.8,8.21,3.01,653.9,12.42,1.899999999999999,0.154,0.9,5.0,0.081,2.205,1.761744329408166,2.731520102913311,597.0,360.85541608554155,875.3996712122632,594.7001394700139,1051.5574151557414,0.079,0.071,False,False,False,False,False,main_stem,,,3,spring,20
2018-03-01,M17,구포,Gupo,Busan; lower Nakdong River,7.5,8.08,3.62,577.8,12.09,2.6,0.188,0.9,5.3,0.094,2.664,2.4742150662502054,2.874025503288032,610.0,325.94142259414224,1165.2741411544682,756.5783356578336,438.9121338912134,0.097,0.093,False,False,False,False,False,main_stem,,,3,spring,20
2018-03-01,M18,하구둑,Nakdong River Estuary Barrage,Busan; river mouth,8.5,7.72,2.06,203.0,10.4,3.2,0.42,0.7,5.1,0.232,2.7,1.3611101845265805,3.0876384778705313,693.0,646.8619246861924,966.8568459021445,917.9916317991631,2369.9674569967456,0.135,0.067,False,False,False,False,False,main_stem,,,3,spring,20
2018-03-01,T1,위천6,Wicheon 6,"Wicheon tributary, Gyeongsangbuk-do",11.8,7.79,1.35,361.4,10.47,7.300000000000001,0.031,4.2,10.4,0.013,5.11,,,,1031.0,2738.0,1604.0,1021.0,0.168,0.213,False,False,False,False,True,tributary,,,3,spring,17
2018-03-01,T2,감천2-1,Gamcheon 2-1,"Gamcheon tributary, near Gimcheon/Gumi",10.3,7.85,1.29,262.6,10.99,12.999999999999998,0.024,1.6,8.4,0.005,3.811,3.297507395729028,4.50440912451282,794.0,483.5425383542538,2195.0867087521497,1175.7787075778706,546.7689446768944,0.157,0.222,False,False,False,False,False,tributary,,,3,spring,20
2018-03-01,T3,금호강,Geumho River 6,"Lower Geumho River, Daegu",9.7,7.63,2.83,710.0,8.22,4.2,0.094,0.2,7.4,0.151,3.46,2.4274280397103993,2.444015200792056,575.0,613.7145513714552,1716.497670980294,1054.9046954904695,848.2566248256624,0.124,0.149,False,False,False,False,False,tributary,,,3,spring,20
2018-03-01,T4,회천,Hoecheon 2-1,"Hoecheon tributary, Goryeong area",8.2,8.03,1.37,842.6,13.56,3.4000000000000004,0.096,1.1,6.1,0.366,2.727,1.2727204416593956,2.305030997164808,582.0,539.4235239423524,1134.989942962986,867.4105067410507,3225.151092515109,0.067,0.072,False,False,False,False,False,tributary,,,3,spring,20
2018-03-01,T5,황강,Hwang River 5,"Hwanggang tributary, Gyeongsangnam-do",8.6,8.04,1.58,258.0,11.59,0.4,0.025,0.1,2.7,0.01,1.541,2.471800894736842,3.7920505932247663,747.0,164.4816364481636,595.8251728067274,467.5034867503486,341.84100418410037,0.057,0.056,False,False,False,False,False,tributary,,,3,spring,20
2018-03-01,T6,밀양강3,Miryang River 3,"Miryang River, Miryang-si",9.2,7.94,2.92,695.7,11.93,1.799999999999996,0.145,0.8,4.3,0.362,1.691,1.647147597944032,1.798453251,472.0,336.30869363086936,790.5443186857682,416.73640167364016,783.1241283124127,0.091,0.099,False,False,False,False,False,tributary,,,3,spring,20
2018-03-01,1,밀양호,Miryang Reservoir,"Miryang, Gyeongsangnam-do",8.8,7.62,0.99,154.0,9.8,1.2,0.026,0.5,2.0,0.01,2.8,,,,87.58716875871687,474.7651595332535,270.8972570897257,2018.874941887494,0.043,0.046,False,False,False,False,False,reservoir,,,3,spring,17
2018-03-01,2,운문호,Unmun Reservoir,"Cheongdo-gun, Gyeongsangbuk-do",8.9,7.88,3.77,102.0,10.7,2.6,0.037,0.7,2.7,0.185,1.7,,,,186.14597861459782,514.4931827134805,440.53928405392844,227.15016271501625,0.053,0.063,False,False,False,False,False,reservoir,,,3,spring,17
2018-03-01,3,남강호,Namgang Reservoir / Namgang Dam Reservoir,"Jinju area, Gyeongsangnam-do",8.8,8.04,2.94,151.3,8.3,0.3,0.027,0.6,3.0,0.043,2.9,,,,374.8024174802417,537.126378118871,372.01301720130175,1117.20130172013,0.049,0.054,False,False,False,False,False,reservoir,,,3,spring,17
2018-03-01,4,영천호(죽장천),Yeongcheon Reservoir (Jukjangcheon),Yeongcheon/Pohang-region tributary system,9.6,8.01,0.54,162.0,9.8,,0.018,0.6,4.8,,1.5,,,,316.45746164574615,1423.8997649735134,732.3570432357043,301.999070199907,0.087,0.119,False,True,False,True,False,reservoir,,,3,spring,15
2018-03-01,5,합천호,Hapcheon Reservoir,"Hapcheon-gun, Gyeongsangnam-do",9.5,7.9,1.04,203.1,8.9,10.099999999999998,0.025,2.4,3.8,0.017,1.3,,,,225.01162250116224,636.0945790632428,432.8219432821943,225.29056252905625,0.071,0.091,False,False,False,False,False,reservoir,,,3,spring,17
2018-03-01,6,구미원수,Gumi Raw Water,Gumi WTP influent/raw water,7.0,7.2,15.82,283.7,10.0,3.6,0.027,1.7,4.9,,2.3,,,,244.58391445839143,807.2856188526516,571.0367271036727,1566.6666666666665,0.067,0.094,False,False,False,True,False,treatment,Gumi,raw,3,spring,16
2018-03-01,7,구미침전수,Gumi Settled Water,Gumi After sedimentation,7.0,7.2,0.35,290.6,10.0,,0.013,,,,1.802,,,,273.8726173872617,600.8029436461858,664.5281264528127,200.0,0.037,0.049,False,False,False,False,False,treatment,Gumi,settled,3,spring,13
2018-03-01,8,구미여과수,Gumi Filtered Water,Gumi After filtration,7.0,7.2,0.05,288.8,10.0,,0.016,,,,1.82,,,,81.07856810785681,597.5185222342218,639.0980939098093,200.0,0.037,0.067,False,False,False,False,False,treatment,Gumi,filtered,3,spring,13
2018-03-01,9,구미오존처리수,Gumi Ozonated Water,Gumi ozonated Water,7.0,7.2,0.05,291.0,10.0,,0.019,,,,1.713,,,,87.58716875871687,594.8567285470447,539.9349139934914,200.0,0.039,0.061,False,False,False,False,False,treatment,Gumi,ozonated,3,spring,13
2018-03-01,10,구미GAC처리수,Gumi GAC-Treated Water,Gumi After granular activated carbon,7.0,7.2,0.04,293.7,10.0,,0.019,,,,1.62,,,,80.1487680148768,519.5081754105332,615.2952115295211,200.0,0.033,0.032,False,False,False,False,False,treatment,Gumi,GAC,3,spring,13
2018-03-01,11,구미정수,Gumi Finished Water,Gumi Final treated drinking water,7.0,7.2,0.07,291.3,10.0,,0.01,,,,1.341,,,,109.43747094374709,539.4105696962653,585.2626685262668,200.0,0.028,0.043,False,False,False,False,False,treatment,Gumi,finished,3,spring,13
2018-03-01,12,고령침전수,Goryeong Settled Water,Goryeong setted water/sedimentation,7.0,7.3,0.48,350.0,,,0.039,,,,2.276,,,,142.1664342166434,693.9846066429051,588.3774988377498,200.0,0.044,0.056,False,False,False,False,False,treatment,Goryeong,settled,3,spring,12
2018-03-01,13,고령여과수,Goryeong Filtered Water,Goryeong filtered water,7.0,7.3,0.08,350.0,,,0.039,,,,2.22,,,,144.44444444444446,734.6208018922409,516.3179916317991,200.0,0.046,0.052,False,False,False,False,False,treatment,Goryeong,filtered,3,spring,12
2018-03-01,14,고령오존처리수,Goryeong Ozonated Water,Goryeong  ozonated water,7.0,7.2,0.08,350.0,,,0.04,,,,2.287,,,,200.46490004649002,576.6323024054982,472.84983728498366,200.0,0.045,0.038,False,False,False,False,False,treatment,Goryeong,ozonated,3,spring,12
2018-03-01,15,고령GAC처리수,Goryeong GAC-Treated Water,Goryeong GAC treated water,7.0,7.2,0.08,351.0,,,0.05,,,,2.287,,,,219.15388191538818,581.9829009903993,531.1947931194793,200.0,0.04,0.025,False,False,False,False,False,treatment,Goryeong,GAC,3,spring,12
2018-03-01,16,고령정수,Goryeong Finished Water,Goryeong Final treated drinking water,7.0,7.2,0.04,352.0,,,0.019,,,,2.16,,,,127.80102278010227,867.5790905450378,688.1915388191538,200.0,0.037,0.033,False,False,False,False,False,treatment,Goryeong,finished,3,spring,12
2018-03-01,17,반송오존처리수,Bansong Ozonated Water,Bansong ozonated water,8.0,8.0,7.8,517.0,,,0.115,,,,2.16,,,,127.80102278010227,867.5790905450378,688.1915388191538,200.0,0.07,0.076,False,False,False,False,False,treatment,Bansong,ozonated,3,spring,12
2018-03-01,18,반송침전수,Bansong Settled Water,Bansong setted water/sedimentation,7.6,7.5,0.22,525.0,,,0.05,,,,2.157,,,,87.95908879590887,556.6686646376592,591.5388191538818,200.0,0.051,0.062,False,False,False,False,False,treatment,Bansong,settled,3,spring,12
2018-03-01,19,반송F/A처리수,Bansong F/A-Treated Water,Bansong F/A treated water,7.5,7.3,0.05,525.0,,,0.081,,,,2.157,,,,141.8874941887494,510.39076245250374,525.1975825197583,200.0,0.036,0.038,False,False,False,False,False,treatment,Bansong,F/A,3,spring,12
2018-03-01,20,반송정수,Bansong Finished Water,Bansong Final treated drinking water,7.4,7.4,0.05,525.0,,,0.033,,,,2.131,,,,232.68247326824732,585.4805951020047,465.36494653649464,200.0,0.036,0.04,False,False,False,False,False,treatment,Bansong,finished,3,spring,12
2018-04-01,M1,안동호,Andong Reservoir,"Andong, Gyeongsangbuk-do; upper Nakdong basin",7.8,6.8,2.8,231.0,11.3,0.7,0.013,1.7,5.1,0.005,1.968,1.8752264827718221,3.3908037914979756,752.0,223.2914923291492,902.6836668269153,618.1311018131101,704.5560204556019,0.153,0.082,False,False,False,False,False,main_stem,,,4,spring,20
2018-04-01,M2,임하호,Imha Reservoir,"Andong, Gyeongsangbuk-do; Banbyeoncheon/upper Nakdong basin",10.1,7.5,3.87,222.0,10.4,2.5,0.012,1.4,8.1,0.02,3.408,2.381166656301325,3.9028237896365043,794.0,241.42259414225938,1734.3725376416332,953.2310553231056,1127.8010227801021,0.113,0.109,False,False,False,False,False,main_stem,,,4,spring,20
2018-04-01,M3,예천,Yecheon,"Yecheon-gun, Gyeongsangbuk-do; upper Nakdong River",13.9,7.8,7.57,240.0,10.7,11.2,0.018,2.4,4.8,0.02,1.985,2.332390372666025,3.8590067892838738,748.0,158.25197582519758,884.6208847001018,613.063691306369,540.7717340771734,0.29,0.114,False,False,False,False,False,main_stem,,,4,spring,20
2018-04-01,M4,상주,Sangju,"Sangju-si, Gyeongsangbuk-do; upper–middle Nakdong",17.7,8.1,2.38,258.0,10.1,3.6,0.023,1.6,4.2,0.01,1.757,1.9641432100265857,3.9961485666483822,738.0,155.97396559739656,739.3319719536748,572.2919572291958,927.1501627150162,0.121,0.115,False,False,False,False,False,main_stem,,,4,spring,20
2018-04-01,M5,낙단보,Nakdan Weir,"Sangju area, Gyeongsangbuk-do; Nakdong main stem",14.8,8.7,4.9,236.0,11.8,6.3,0.025,2.2,4.5,0.02,2.482,2.4599643075376885,4.2278400118985795,783.0,173.54718735471872,1066.2678784705492,783.9609483960948,658.8098558809855,0.132,0.192,False,False,False,False,False,main_stem,,,4,spring,20
2018-04-01,M6,해평,Haepyeong,"Gumi-si, Gyeongsangbuk-do; Nakdong main stem",15.0,7.3,11.4,231.0,9.6,10.9,0.02,1.2,4.8,0.03,2.609,2.6406856866725503,4.316061292457859,758.0,160.9948860994886,1217.6592601184225,772.7103672710366,820.0371920037192,0.212,0.192,False,False,False,False,False,main_stem,,,4,spring,20
2018-04-01,M7,구미,Gumi,"Gumi-si, Gyeongsangbuk-do; Nakdong main stem",15.3,8.6,6.08,352.0,13.8,11.4,0.05,2.5,5.5,0.03,3.057,2.3453245504477613,4.350004184935295,743.0,289.5397489539749,1362.9863668943096,933.0543933054392,1025.058112505811,0.264,0.245,False,False,False,False,False,main_stem,,,4,spring,20
2018-04-01,M8,왜관,Waegwan,"Waegwan-eup, Chilgok-gun, Gyeongsangbuk-do",12.7,7.7,3.07,350.0,11.5,8.0,0.043,2.6,5.9,0.03,3.091,2.651645616065351,4.3466825573402215,731.0,330.7763830776383,1346.8313185452105,866.1552766155277,615.7601115760111,0.191,0.201,False,False,False,False,False,main_stem,,,4,spring,20
2018-04-01,M9,고령(취),Goryeong Raw Water,Raw-water sample associated with Goryeong WTP,13.0,7.7,4.92,240.0,9.2,14.4,0.02,1.6,4.9,0.03,2.797,2.4994418944329895,3.9931134608643992,736.0,191.1668991166899,1355.5072884977078,818.3635518363552,713.0172013017201,0.077,0.172,False,False,False,False,False,main_stem,Goryeong,raw,4,spring,20
2018-04-01,M10,달성,Dalseong,Daegu/Dalseong area; Nakdong main stem,12.1,8.1,9.52,272.0,12.0,17.0,0.029,2.2,5.0,0.03,2.608,2.559888979303857,4.173473715645012,732.0,265.9228265922826,1106.5616114192426,739.8419339841934,495.39748953974896,0.085,0.204,False,False,False,False,False,main_stem,,,4,spring,20
2018-04-01,M11,고령,Goryeong,Goryeong-gun area; Nakdong River,15.2,8.8,4.76,396.0,11.8,7.5,0.049,2.3,5.3,0.02,2.907,2.5023414486863116,4.008506698514851,713.0,400.13947001394695,1234.572765422476,961.8317061831706,444.4909344490934,0.218,0.155,False,False,False,False,False,main_stem,,,4,spring,20
2018-04-01,M12,용산,Yongsan,"Lower-middle Nakdong, Changnyeong reach",16.7,8.6,4.22,427.0,14.3,4.6,0.048,3.6,7.7,0.18,3.934,2.777898485478585,2.8260822532557004,717.0,762.7150162715016,1186.951227670618,976.8944676894467,831.6596931659692,0.246,0.11,False,False,False,False,False,main_stem,,,4,spring,20
2018-04-01,M13,남지,Namji,"Namji-eup, Changnyeong-gun, Gyeongsangnam-do",20.1,8.9,6.39,392.0,12.2,5.4,0.065,3.0,10.0,0.12,4.219,2.05832833095657,1.9597621584097622,630.0,1202.7429102742908,1355.7914610189384,930.5439330543932,1306.97350069735,0.225,0.098,False,False,False,False,False,main_stem,,,4,spring,20
2018-04-01,M14,본포,Bansong Raw Water,"Raw-water source for Bansong WTP, Changwon system",15.6,7.8,7.51,332.0,8.2,11.6,0.054,1.4,5.1,0.03,2.732,1.4134124951311517,4.3403558466991585,731.0,266.4807066480707,1029.9272128573573,748.3960948396094,3029.102742910274,0.176,0.125,False,False,False,False,False,main_stem,Bansong,raw,4,spring,20
2018-04-01,M15,삼량진,Samnangjin,"Miryang-si, Gyeongsangnam-do; lower Nakdong",18.6,8.5,3.5,372.0,11.5,3.3,0.049,1.9,6.3,0.11,3.029,1.8828639843070978,2.277582659430518,625.0,634.2631334263133,1102.9922403027665,709.995350999535,890.0976290097628,0.17,0.101,False,False,False,False,False,main_stem,,,4,spring,20
2018-04-01,M16,물금,Mulgeum,"Yangsan-si, Gyeongsangnam-do; lower Nakdong",17.4,8.5,5.5,367.0,12.4,5.3,0.046,1.4,4.6,0.03,2.356,2.4663394882961343,4.061048202327663,718.0,272.3384472338447,1025.2406749601212,763.1799163179916,392.70106927010687,0.25,0.149,False,False,False,False,False,main_stem,,,4,spring,20
2018-04-01,M17,구포,Gupo,Busan; lower Nakdong River,16.9,7.5,4.09,340.0,12.6,4.9,0.047,1.0,5.1,0.03,2.56,1.4959813064953318,4.236022750867648,729.0,285.40213854021385,1084.9465808602297,827.2431427243142,2268.8052068805205,0.258,0.153,False,False,False,False,False,main_stem,,,4,spring,20
2018-04-01,M18,하구둑,Nakdong River Estuary Barrage,Busan; river mouth,13.4,7.7,3.01,318.0,8.4,3.2,0.051,1.2,4.2,0.03,2.405,2.664797270395074,4.370430567505721,740.0,221.5713621571362,998.8601655080029,727.0571827057182,504.50953045095304,0.266,0.15,False,False,False,False,False,main_stem,,,4,spring,20
2018-04-01,T1,위천6,Wicheon 6,"Wicheon tributary, Gyeongsangbuk-do",18.1,8.4,3.8,322.0,11.9,8.4,0.036,1.7,5.2,0.02,2.651,2.4011721236002836,4.114039297134238,754.0,186.98279869827988,1210.7707389838936,881.2645281264528,871.1761971176197,0.236,0.157,False,False,False,False,False,tributary,,,4,spring,20
2018-04-01,T2,감천2-1,Gamcheon 2-1,"Gamcheon tributary, near Gimcheon/Gumi",14.2,8.1,2.75,299.0,10.3,7.3,0.029,1.4,3.6,0.02,1.851,2.6066324406857135,4.197206720637584,714.0,105.62529056252905,731.4556094901219,551.1390051139005,581.2645281264528,0.192,0.136,False,False,False,False,False,tributary,,,4,spring,20
2018-04-01,T3,금호강,Geumho River 6,"Lower Geumho River, Daegu",16.9,7.9,8.31,1541.0,8.8,30.9,0.095,3.2,7.2,0.08,3.144,2.9065464460191746,3.266576804155759,703.0,250.9995350999535,1255.48347578496,1147.4198047419804,532.0316132031613,0.17,0.215,False,False,False,False,False,tributary,,,4,spring,20
2018-04-01,T4,회천,Hoecheon 2-1,"Hoecheon tributary, Goryeong area",21.9,8.9,2.87,680.0,11.9,3.6,0.037,1.9,5.2,0.1,2.608,2.1859437704056495,2.6309077915166847,613.0,381.96187819618774,1066.4587368083007,663.9702463970247,527.8475127847512,0.151,0.113,False,False,False,False,False,tributary,,,4,spring,20
2018-04-01,T5,황강,Hwang River 5,"Hwanggang tributary, Gyeongsangnam-do",24.6,8.5,2.31,466.0,10.2,3.3,0.024,1.5,3.6,0.02,1.284,1.2008416146899459,4.315186768672951,713.0,88.79590887959088,502.16301545307033,367.31752673175265,1189.4932589493258,0.135,0.094,False,False,False,False,False,tributary,,,4,spring,20
2018-04-01,T6,밀양강3,Miryang River 3,"Miryang River, Miryang-si",20.7,8.8,3.53,337.0,11.1,5.3,0.034,1.2,3.9,0.02,1.717,2.0528328939922083,2.8956997876421,596.0,153.13807531380752,692.9732179294599,463.50534635053464,814.2724314272431,0.121,0.13,False,False,False,False,False,tributary,,,4,spring,20
2018-04-01,1,밀양호,Miryang Reservoir,"Miryang, Gyeongsangnam-do",13.1,7.0,0.54,56.0,8.4,0.1,0.023,1.0,2.4,0.02,3.4,,,,86.88981868898186,400.6224264461712,364.8535564853556,984.7047884704788,0.126,0.057,False,False,False,False,False,reservoir,,,4,spring,17
2018-04-01,2,운문호,Unmun Reservoir,"Cheongdo-gun, Gyeongsangbuk-do",14.0,7.6,1.82,107.0,8.2,1.5,0.029,1.5,2.6,0.02,4.4,,,,91.30636913063691,482.45945375231287,327.3361227336123,404.64900046490004,0.066,0.081,False,False,False,False,False,reservoir,,,4,spring,17
2018-04-01,3,남강호,Namgang Reservoir / Namgang Dam Reservoir,"Jinju area, Gyeongsangnam-do",12.4,7.4,0.93,144.0,8.1,0.6,0.016,1.3,3.4,0.01,11.0,,,,192.2361692236169,598.5466230169241,440.7252440725244,1199.395629939563,0.203,0.109,False,False,False,False,False,reservoir,,,4,spring,17
2018-04-01,4,영천호(죽장천),Yeongcheon Reservoir (Jukjangcheon),Yeongcheon/Pohang-region tributary system,19.2,7.4,0.34,123.0,9.2,0.2,0.011,0.9,2.5,,10.0,,,,49.8372849837285,485.1945585498509,419.2468619246862,567.3640167364017,0.071,0.049,False,False,False,True,False,reservoir,,,4,spring,16
2018-04-01,5,합천호,Hapcheon Reservoir,"Hapcheon-gun, Gyeongsangnam-do",13.1,7.7,4.62,130.0,8.3,4.2,0.013,1.0,4.3,0.02,7.9,,,,103.85867038586703,616.0819565584443,420.8275220827522,1012.6917712691771,0.207,0.108,False,False,False,False,False,reservoir,,,4,spring,17
2018-04-01,6,구미원수,Gumi Raw Water,Gumi WTP influent/raw water,15.0,7.3,11.4,231.0,9.6,10.9,0.02,1.2,4.8,0.03,5.8,,,,160.9948860994886,1217.6592601184225,772.7103672710366,820.0371920037192,0.212,0.192,False,False,False,False,False,treatment,Gumi,raw,4,spring,17
2018-04-01,7,구미침전수,Gumi Settled Water,Gumi After sedimentation,15.0,7.3,0.25,243.0,9.6,,0.011,,,,9.397,,,,126.22036262203625,690.0750085810989,752.4872152487214,200.0,0.157,0.098,False,False,False,False,False,treatment,Gumi,settled,4,spring,13
2018-04-01,8,구미여과수,Gumi Filtered Water,Gumi After filtration,15.0,7.3,0.05,248.0,9.6,,0.011,,,,9.936,,,,121.3389121338912,682.8497304114097,749.5118549511855,200.0,0.269,0.07,False,False,False,False,False,treatment,Gumi,filtered,4,spring,13
2018-04-01,9,구미오존처리수,Gumi Ozonated Water,Gumi ozonated Water,15.0,7.2,0.05,243.0,9.6,,0.013,,,,10.26,,,,116.03905160390515,836.3662151620453,666.7596466759646,200.0,0.115,0.101,False,False,False,False,False,treatment,Gumi,ozonated,4,spring,13
2018-04-01,10,구미GAC처리수,Gumi GAC-Treated Water,Gumi After granular activated carbon,15.0,7.2,0.06,246.0,9.6,,0.015,,,,9.584,,,,91.95722919572292,630.5564696848604,659.4607159460716,200.0,0.137,0.058,False,False,False,False,False,treatment,Gumi,GAC,4,spring,13
2018-04-01,11,구미정수,Gumi Finished Water,Gumi Final treated drinking water,15.0,7.2,0.06,248.0,9.6,,0.007,,,,9.656,,,,109.2050209205021,649.6112678266811,674.3375174337517,200.0,0.219,0.083,False,False,False,False,False,treatment,Gumi,finished,4,spring,13
2018-04-01,12,고령침전수,Goryeong Settled Water,Goryeong setted water/sedimentation,13.0,7.1,0.38,240.0,,,0.013,,,,2.742,,,,125.38354253835425,790.4025863797082,820.9669920966991,200.0,0.136,0.066,False,False,False,False,False,treatment,Goryeong,settled,4,spring,12
2018-04-01,13,고령여과수,Goryeong Filtered Water,Goryeong filtered water,13.0,7.1,0.08,240.0,,,0.012,,,,2.82,,,,116.59693165969315,734.7821374473851,839.4700139470012,200.0,0.049,0.061,False,False,False,False,False,treatment,Goryeong,filtered,4,spring,12
2018-04-01,14,고령오존처리수,Goryeong Ozonated Water,Goryeong  ozonated water,13.0,7.1,0.08,240.0,,,0.012,,,,2.884,,,,102.09205020920503,690.2936711980417,812.7847512784751,200.0,0.275,0.077,False,False,False,False,False,treatment,Goryeong,ozonated,4,spring,12
2018-04-01,15,고령GAC처리수,Goryeong GAC-Treated Water,Goryeong GAC treated water,13.0,7.2,0.08,246.0,,,0.018,,,,2.435,,,,85.68107856810785,602.4723885017249,700.046490004649,200.0,0.144,0.04,False,False,False,False,False,treatment,Goryeong,GAC,4,spring,12
2018-04-01,16,고령정수,Goryeong Finished Water,Goryeong Final treated drinking water,13.0,7.2,0.06,246.0,,,0.006,,,,1.861,,,,100.976290097629,650.7251892792278,697.6754997675499,200.0,0.044,0.04,False,False,False,False,False,treatment,Goryeong,finished,4,spring,12
2018-04-01,17,반송오존처리수,Bansong Ozonated Water,Bansong ozonated water,15.9,7.7,5.32,322.0,,,0.054,,,,2.908,,,,338.8191538819154,908.8097615633811,775.3602975360297,200.0,0.08,0.077,False,False,False,False,False,treatment,Bansong,ozonated,4,spring,12
2018-04-01,18,반송침전수,Bansong Settled Water,Bansong setted water/sedimentation,15.7,7.4,0.11,339.0,,,0.021,,,,2.543,,,,199.76754997675496,644.0216555845303,714.4119014411901,200.0,0.176,0.062,False,False,False,False,False,treatment,Bansong,settled,4,spring,12
2018-04-01,19,반송F/A처리수,Bansong F/A-Treated Water,Bansong F/A treated water,15.6,7.4,0.04,341.0,,,0.037,,,,2.013,,,,134.77452347745233,473.3068428023823,572.9428172942817,200.0,0.213,0.028,False,False,False,False,False,treatment,Bansong,F/A,4,spring,12
2018-04-01,20,반송정수,Bansong Finished Water,Bansong Final treated drinking water,15.3,7.2,0.05,341.0,,,0.014,,,,2.112,,,,152.71966527196653,654.4528402289675,529.4746629474662,200.0,0.054,0.044,False,False,False,False,False,treatment,Bansong,finished,4,spring,12
2018-05-01,M1,안동호,Andong Reservoir,"Andong, Gyeongsangbuk-do; upper Nakdong basin",22.8,7.9,1.05,221.0,8.4,0.6,0.015,0.5,5.4,0.03,1.953,,,,241.65504416550442,919.0241128077505,515.8066015806602,210.4602510460251,0.092,0.112,False,False,False,False,False,main_stem,,,5,spring,17
2018-05-01,M2,임하호,Imha Reservoir,"Andong, Gyeongsangbuk-do; Banbyeoncheon/upper Nakdong basin",22.8,8.1,0.99,222.0,8.5,0.5,0.011,0.7,4.9,0.05,2.904,,,,122.64063226406321,1616.3914839304969,804.881450488145,318.50302185030216,0.228,0.172,False,False,False,False,False,main_stem,,,5,spring,17
2018-05-01,M3,예천,Yecheon,"Yecheon-gun, Gyeongsangbuk-do; upper Nakdong River",16.7,8.1,5.19,273.0,9.6,7.5,0.014,0.6,6.5,0.01,2.692,,,,149.6978149697815,1345.8747295257447,726.2203626220362,308.83310088331007,0.131,0.133,False,False,False,False,False,main_stem,,,5,spring,17
2018-05-01,M4,상주,Sangju,"Sangju-si, Gyeongsangbuk-do; upper–middle Nakdong",16.9,8.0,9.54,223.0,9.1,7.1,0.018,0.6,5.2,0.02,2.108,,,,118.68898186889818,1031.1534062037126,542.2129242212924,231.56671315667128,0.141,0.122,False,False,False,False,False,main_stem,,,5,spring,17
2018-05-01,M5,낙단보,Nakdan Weir,"Sangju area, Gyeongsangbuk-do; Nakdong main stem",18.3,8.6,2.64,208.0,10.9,6.0,0.018,0.7,5.1,0.02,2.896,,,,136.91306369130635,1548.2422808402946,727.1966527196652,260.2510460251046,0.157,0.108,False,False,False,False,False,main_stem,,,5,spring,17
2018-05-01,M6,해평,Haepyeong,"Gumi-si, Gyeongsangbuk-do; Nakdong main stem",17.0,7.2,10.73,195.0,8.8,1.9,0.017,0.4,5.7,0.02,2.911,,,,141.0041841004184,1701.2329645126295,770.8507670850767,320.2696420269642,0.266,0.221,False,False,False,False,False,main_stem,,,5,spring,17
2018-05-01,M7,구미,Gumi,"Gumi-si, Gyeongsangbuk-do; Nakdong main stem",18.6,8.3,6.07,222.0,10.7,3.6,0.025,0.6,5.8,0.02,3.052,,,,275.36029753602975,1668.212824573095,779.4979079497907,290.3765690376569,0.22,0.178,False,False,False,False,False,main_stem,,,5,spring,17
2018-05-01,M8,왜관,Waegwan,"Waegwan-eup, Chilgok-gun, Gyeongsangbuk-do",19.4,9.0,2.49,254.0,11.3,6.0,0.029,1.1,5.4,0.03,2.765,,,,196.93165969316595,1371.0901148660503,691.6782891678289,298.88423988842396,0.224,0.173,False,False,False,False,False,main_stem,,,5,spring,17
2018-05-01,M9,고령(취),Goryeong Raw Water,Raw-water sample associated with Goryeong WTP,18.0,7.9,8.21,209.0,8.8,1.1,0.027,0.4,5.0,0.03,2.477,,,,166.24825662482564,1190.4104990688636,639.1445839144583,268.66573686657364,0.235,0.188,False,False,False,False,False,main_stem,Goryeong,raw,5,spring,17
2018-05-01,M10,달성,Dalseong,Daegu/Dalseong area; Nakdong main stem,18.5,8.7,4.37,247.0,11.5,4.1,0.026,1.0,4.9,0.03,2.555,,,,183.82147838214783,1173.78336760937,716.9223616922361,290.0976290097629,0.228,0.168,False,False,False,False,False,main_stem,,,5,spring,17
2018-05-01,M11,고령,Goryeong,Goryeong-gun area; Nakdong River,18.5,8.9,2.06,305.0,11.8,9.3,0.038,0.9,5.5,0.03,2.823,,,,216.03905160390516,1234.13062333621,834.0306834030683,354.53277545327757,0.254,0.21,False,False,False,False,False,main_stem,,,5,spring,17
2018-05-01,M12,용산,Yongsan,"Lower-middle Nakdong, Changnyeong reach",17.8,9.3,3.39,282.0,13.0,10.2,0.04,1.0,6.2,0.03,2.934,,,,247.79172477917245,1324.6510373632113,898.8377498837749,381.5899581589958,0.151,0.223,False,False,False,False,False,main_stem,,,5,spring,17
2018-05-01,M13,남지,Namji,"Namji-eup, Changnyeong-gun, Gyeongsangnam-do",17.4,9.0,3.74,268.0,11.4,11.0,0.034,1.1,5.8,0.03,2.73,,,,200.37192003719198,1143.9775660998841,783.4495583449558,329.84658298465826,0.186,0.105,False,False,False,False,False,main_stem,,,5,spring,17
2018-05-01,M14,본포,Bansong Raw Water,"Raw-water source for Bansong WTP, Changwon system",18.7,7.6,10.02,259.0,8.7,11.7,0.04,0.5,5.0,0.03,2.562,,,,178.75406787540678,1096.402229221267,763.6913063691305,299.767549976755,0.208,0.099,False,False,False,False,False,main_stem,Bansong,raw,5,spring,17
2018-05-01,M15,삼량진,Samnangjin,"Miryang-si, Gyeongsangnam-do; lower Nakdong",16.3,8.4,1.3,280.0,10.5,11.9,0.035,0.8,5.6,0.04,2.752,,,,210.36727103672712,1248.767596372957,767.4105067410507,302.97536029753604,0.179,0.176,False,False,False,False,False,main_stem,,,5,spring,17
2018-05-01,M16,물금,Mulgeum,"Yangsan-si, Gyeongsangnam-do; lower Nakdong",16.5,8.6,1.15,307.0,10.6,10.2,0.038,0.7,5.4,0.05,2.886,,,,247.32682473268247,1360.84647091054,858.3449558344955,376.4295676429567,0.219,0.194,False,False,False,False,False,main_stem,,,5,spring,17
2018-05-01,M17,구포,Gupo,Busan; lower Nakdong River,19.0,8.5,11.1,300.0,10.0,57.8,0.038,1.2,8.3,0.06,2.887,,,,267.82891678289167,1288.0701334537007,835.7043235704323,326.68526266852626,0.404,0.278,False,False,False,False,False,main_stem,,,5,spring,17
2018-05-01,M18,하구둑,Nakdong River Estuary Barrage,Busan; river mouth,22.4,7.6,1.7,280.0,8.4,3.2,0.043,0.8,4.8,0.05,2.789,,,,287.9125987912598,1224.5839144583913,851.8363551836355,384.5188284518829,0.199,0.144,False,False,False,False,False,main_stem,,,5,spring,17
2018-05-01,T1,위천6,Wicheon 6,"Wicheon tributary, Gyeongsangbuk-do",19.2,8.1,14.5,304.0,9.2,1.8,0.028,0.9,6.6,0.02,3.448,,,,219.6187819618782,1976.7959118336817,850.3021850302184,417.1548117154812,0.143,0.216,False,False,False,False,False,tributary,,,5,spring,17
2018-05-01,T2,감천2-1,Gamcheon 2-1,"Gamcheon tributary, near Gimcheon/Gumi",17.0,8.0,4.13,251.0,10.0,8.5,0.02,0.4,4.2,0.02,2.231,,,,118.54951185495116,1118.8196252674677,610.971641097164,294.0957694095769,0.133,0.14,False,False,False,False,False,tributary,,,5,spring,17
2018-05-01,T3,금호강,Geumho River 6,"Lower Geumho River, Daegu",19.6,8.1,3.37,757.0,10.3,12.8,0.096,1.8,9.7,0.03,3.588,,,,334.07717340771734,1685.0152180335413,876.0111576011157,576.8944676894467,0.254,0.29,False,False,False,False,False,tributary,,,5,spring,17
2018-05-01,T4,회천,Hoecheon 2-1,"Hoecheon tributary, Goryeong area",18.1,9.1,4.0,345.0,12.4,13.3,0.048,1.3,6.6,0.03,2.915,,,,219.15388191538818,1325.9061655386279,845.6996745699673,425.19758251975827,0.301,0.202,False,False,False,False,False,tributary,,,5,spring,17
2018-05-01,T5,황강,Hwang River 5,"Hwanggang tributary, Gyeongsangnam-do",18.7,8.4,6.74,182.0,10.0,6.3,0.021,0.6,3.7,0.02,1.355,,,,87.02928870292887,534.7173941439447,372.8963272896327,166.85262668526266,0.221,0.111,False,False,False,False,False,tributary,,,5,spring,17
2018-05-01,T6,밀양강3,Miryang River 3,"Miryang River, Miryang-si",18.4,8.8,0.48,211.0,10.9,4.5,0.023,0.6,3.8,0.03,1.849,,,,154.06787540678752,686.1279614039607,494.51417945141793,233.2868433286843,0.188,0.112,False,False,False,False,False,tributary,,,5,spring,17
2018-05-01,1,밀양호,Miryang Reservoir,"Miryang, Gyeongsangnam-do",22.2,7.9,0.18,56.0,8.7,0.2,0.023,0.7,2.1,0.01,1.7,,,,55.50906555090655,370.09460113049755,258.7168758716876,390.0511390051139,0.092,0.045,False,False,False,False,False,reservoir,,,5,spring,17
2018-05-01,2,운문호,Unmun Reservoir,"Cheongdo-gun, Gyeongsangbuk-do",22.3,7.9,0.38,103.0,8.7,0.7,0.025,0.4,2.4,0.02,1.7,,,,96.55973965597396,486.7185542184359,281.58995815899584,193.9562993956299,0.272,0.04,False,False,False,False,False,reservoir,,,5,spring,17
2018-05-01,3,남강호,Namgang Reservoir / Namgang Dam Reservoir,"Jinju area, Gyeongsangnam-do",22.2,7.8,0.58,105.0,8.8,1.0,0.011,0.4,3.5,0.1,2.2,,,,181.9153881915388,789.1273383527143,478.2426778242678,288.5169688516969,0.261,0.137,False,False,False,False,False,reservoir,,,5,spring,17
2018-05-01,4,영천호(죽장천),Yeongcheon Reservoir (Jukjangcheon),Yeongcheon/Pohang-region tributary system,22.4,7.8,0.14,116.0,8.7,0.1,0.007,0.4,2.4,0.01,1.5,,,,31.00883310088331,537.3117615615727,389.86517898651783,210.8321710832171,0.073,0.062,False,False,False,False,False,reservoir,,,5,spring,17
2018-05-01,5,합천호,Hapcheon Reservoir,"Hapcheon-gun, Gyeongsangnam-do",22.5,7.7,0.56,133.0,8.8,1.3,0.013,0.9,2.7,0.03,1.6,,,,102.74291027429102,643.3959925535769,373.82612738261275,445.79265457926545,0.104,0.094,False,False,False,False,False,reservoir,,,5,spring,17
2018-05-01,6,구미원수,Gumi Raw Water,Gumi WTP influent/raw water,17.0,7.2,10.73,195.0,8.8,1.9,0.017,0.4,5.7,0.02,3.0,,,,141.0041841004184,1701.2329645126295,770.8507670850767,320.2696420269642,0.266,0.221,False,False,False,False,False,treatment,Gumi,raw,5,spring,17
2018-05-01,7,구미침전수,Gumi Settled Water,Gumi After sedimentation,17.0,7.1,0.25,194.0,8.8,,0.008,,,,2.208,,,,69.8744769874477,647.3042107581218,782.6127382612738,200.0,0.163,0.075,False,False,False,False,False,treatment,Gumi,settled,5,spring,13
2018-05-01,8,구미여과수,Gumi Filtered Water,Gumi After filtration,17.0,7.1,0.05,194.0,8.8,,0.008,,,,2.255,,,,62.715016271501625,611.9797914776993,739.9349139934914,200.0,0.151,0.056,False,False,False,False,False,treatment,Gumi,filtered,5,spring,13
2018-05-01,9,구미오존처리수,Gumi Ozonated Water,Gumi ozonated Water,17.0,7.1,0.05,194.0,8.8,,0.01,,,,2.144,,,,58.39144583914458,703.2782661030203,645.5137145513714,200.0,0.158,0.026,False,False,False,False,False,treatment,Gumi,ozonated,5,spring,13
2018-05-01,10,구미GAC처리수,Gumi GAC-Treated Water,Gumi After granular activated carbon,17.0,7.0,0.05,193.0,8.8,,0.009,,,,2.098,,,,37.19200371920037,691.1341708591475,530.2649930264993,200.0,0.182,0.024,False,False,False,False,False,treatment,Gumi,GAC,5,spring,13
2018-05-01,11,구미정수,Gumi Finished Water,Gumi Final treated drinking water,17.0,7.0,0.05,193.0,8.8,,,,,,2.259,,,,40.2138540213854,631.115153720211,527.1501627150162,200.0,0.257,0.047,False,False,True,False,False,treatment,Gumi,finished,5,spring,12
2018-05-01,12,고령침전수,Goryeong Settled Water,Goryeong setted water/sedimentation,18.0,7.4,0.36,209.0,,,0.017,,,,2.176,,,,65.45792654579265,658.7597052460493,526.7317526731753,200.0,0.218,0.03,False,False,False,False,False,treatment,Goryeong,settled,5,spring,12
2018-05-01,13,고령여과수,Goryeong Filtered Water,Goryeong filtered water,18.0,7.3,0.06,209.0,,,0.018,,,,2.218,,,,85.54160855416086,553.9337314322081,580.5671780567177,200.0,0.165,0.058,False,False,False,False,False,treatment,Goryeong,filtered,5,spring,12
2018-05-01,14,고령오존처리수,Goryeong Ozonated Water,Goryeong  ozonated water,18.0,7.1,0.06,209.0,,,0.019,,,,2.265,,,,60.5764760576476,700.0255105365964,505.8112505811251,200.0,0.029,0.044,False,False,False,False,False,treatment,Goryeong,ozonated,5,spring,12
2018-05-01,15,고령GAC처리수,Goryeong GAC-Treated Water,Goryeong GAC treated water,18.0,7.1,0.06,216.0,,,0.024,,,,1.921,,,,30.729893072989306,558.2977346633252,457.32217573221754,200.0,0.159,0.033,False,False,False,False,False,treatment,Goryeong,GAC,5,spring,12
2018-05-01,16,고령정수,Goryeong Finished Water,Goryeong Final treated drinking water,18.0,7.1,0.06,216.0,,,0.007,,,,1.841,,,,38.168293816829376,619.2677824267782,443.88656438865644,200.0,0.045,0.019,False,False,False,False,False,treatment,Goryeong,finished,5,spring,12
2018-05-01,17,반송오존처리수,Bansong Ozonated Water,Bansong ozonated water,20.0,7.8,7.69,260.0,,,0.036,,,,2.514,,,,328.17294281729426,955.5831198644831,784.4723384472337,200.0,0.154,0.044,False,False,False,False,False,treatment,Bansong,ozonated,5,spring,12
2018-05-01,18,반송침전수,Bansong Settled Water,Bansong setted water/sedimentation,19.1,7.2,0.2,263.0,,,0.016,,,,2.241,,,,128.07996280799628,575.5798128402394,673.6401673640167,200.0,0.21,0.054,False,False,False,False,False,treatment,Bansong,settled,5,spring,12
2018-05-01,19,반송F/A처리수,Bansong F/A-Treated Water,Bansong F/A treated water,19.1,7.2,0.05,262.0,,,0.029,,,,1.759,,,,67.03858670385867,555.7131487916538,474.3840074384007,200.0,0.166,0.031,False,False,False,False,False,treatment,Bansong,F/A,5,spring,12
2018-05-01,20,반송정수,Bansong Finished Water,Bansong Final treated drinking water,18.7,7.2,0.04,259.0,,,0.009,,,,2.109,,,,72.29195722919572,652.5498296347298,452.7196652719665,200.0,0.222,0.042,False,False,False,False,False,treatment,Bansong,finished,5,spring,12
2018-06-01,M1,안동호,Andong Reservoir,"Andong, Gyeongsangbuk-do; upper Nakdong basin",24.7,8.0,0.74,219.0,8.0,0.3,0.017,1.6,4.1,0.05,2.288,,,,364.06322640632266,871.6479692730359,599.2096699209669,242.16643421664338,0.11,0.114,False,False,False,False,False,main_stem,,,6,summer,17
2018-06-01,M2,임하호,Imha Reservoir,"Andong, Gyeongsangbuk-do; Banbyeoncheon/upper Nakdong basin",24.8,8.3,0.58,253.0,8.2,0.9,0.013,1.6,4.9,0.03,3.555,,,,303.905160390516,1699.38604991865,970.2463970246397,341.0506741050674,0.204,0.151,False,False,False,False,False,main_stem,,,6,summer,17
2018-06-01,M3,예천,Yecheon,"Yecheon-gun, Gyeongsangbuk-do; upper Nakdong River",23.4,8.1,4.16,463.0,8.6,8.8,0.017,1.6,4.9,0.02,2.62,,,,265.59739655973965,1245.4038594040874,620.5950720595072,283.44955834495585,0.177,0.122,False,False,False,False,False,main_stem,,,6,summer,17
2018-06-01,M4,상주,Sangju,"Sangju-si, Gyeongsangbuk-do; upper–middle Nakdong",26.8,8.9,2.29,360.0,9.7,2.5,0.023,1.6,4.3,0.28,2.375,,,,279.4979079497908,928.5494654719841,527.6150627615062,217.43375174337515,0.187,0.126,False,False,False,False,False,main_stem,,,6,summer,17
2018-06-01,M5,낙단보,Nakdan Weir,"Sangju area, Gyeongsangbuk-do; Nakdong main stem",25.5,8.3,6.13,248.0,9.8,7.9,0.024,2.3,4.6,0.07,2.628,,,,136.91306369130635,1548.2422808402946,727.1966527196652,260.2510460251046,0.134,0.095,False,False,False,False,False,main_stem,,,6,summer,17
2018-06-01,M6,해평,Haepyeong,"Gumi-si, Gyeongsangbuk-do; Nakdong main stem",24.0,7.8,9.39,237.0,8.1,5.1,0.024,1.8,4.2,0.06,2.676,,,,283.7284983728498,1031.7536092156295,687.7266387726638,250.7205950720595,0.209,0.186,False,False,False,False,False,main_stem,,,6,summer,17
2018-06-01,M7,구미,Gumi,"Gumi-si, Gyeongsangbuk-do; Nakdong main stem",28.6,9.2,3.84,289.0,9.6,3.5,0.039,1.8,4.8,0.11,2.931,,,,379.7303579730357,1216.9166112362766,667.2710367271036,307.25244072524407,0.183,0.1,False,False,False,False,False,main_stem,,,6,summer,17
2018-06-01,M8,왜관,Waegwan,"Waegwan-eup, Chilgok-gun, Gyeongsangbuk-do",28.1,8.9,2.88,294.0,8.4,4.4,0.046,1.8,4.4,0.1,2.936,,,,357.04323570432354,1188.8009545325422,677.0804277080427,442.8172942817294,0.215,0.181,False,False,False,False,False,main_stem,,,6,summer,17
2018-06-01,M9,고령(취),Goryeong Raw Water,Raw-water sample associated with Goryeong WTP,22.0,8.0,7.05,255.0,8.1,2.8,0.037,1.0,4.6,0.01,2.589,,,,265.36494653649464,1050.4429265218992,680.9390980939098,302.97536029753604,0.248,0.208,False,False,False,False,False,main_stem,Goryeong,raw,6,summer,17
2018-06-01,M10,달성,Dalseong,Daegu/Dalseong area; Nakdong main stem,24.9,8.3,2.59,262.0,8.1,2.4,0.034,1.9,3.7,0.16,2.833,,,,362.9009762900976,1200.1114066709229,669.0841469084146,309.7629009762901,0.163,0.088,False,False,False,False,False,main_stem,,,6,summer,17
2018-06-01,M11,고령,Goryeong,Goryeong-gun area; Nakdong River,27.7,8.8,2.28,444.0,9.0,1.1,0.062,1.7,4.6,0.11,3.455,,,,558.0660158066015,1471.7937871289955,847.8382147838214,424.5932124593212,0.173,0.118,False,False,False,False,False,main_stem,,,6,summer,17
2018-06-01,M12,용산,Yongsan,"Lower-middle Nakdong, Changnyeong reach",26.2,9.0,1.23,333.0,10.2,2.4,0.049,2.1,4.4,0.1,3.201,,,,466.99209669920964,1293.2252028984583,819.7582519758251,472.0130172013017,0.169,0.118,False,False,False,False,False,main_stem,,,6,summer,17
2018-06-01,M13,남지,Namji,"Namji-eup, Changnyeong-gun, Gyeongsangnam-do",26.9,9.2,3.35,252.0,10.2,4.0,0.083,2.6,5.0,0.13,3.15,,,,399.628079962808,1201.80752071829,730.1720130172013,338.7261738726173,0.205,0.11,False,False,False,False,False,main_stem,,,6,summer,17
2018-06-01,M14,본포,Bansong Raw Water,"Raw-water source for Bansong WTP, Changwon system",23.9,7.6,2.92,322.0,8.1,8.7,0.067,1.5,4.7,0.01,3.067,,,,338.4937238493724,1211.6845890874395,765.0395165039516,334.6815434681543,0.165,0.099,False,False,False,False,False,main_stem,Bansong,raw,6,summer,17
2018-06-01,M15,삼량진,Samnangjin,"Miryang-si, Gyeongsangnam-do; lower Nakdong",24.9,8.9,2.63,297.0,9.8,3.7,0.054,2.2,5.6,0.08,3.362,,,,469.1771269177127,1275.4299919758091,917.8056717805672,451.9758251975825,0.145,0.125,False,False,False,False,False,main_stem,,,6,summer,17
2018-06-01,M16,물금,Mulgeum,"Yangsan-si, Gyeongsangnam-do; lower Nakdong",23.9,8.8,7.83,290.0,10.0,4.6,0.053,2.5,3.6,0.1,3.404,,,,483.03114830311483,1191.4199351760806,811.0181311018131,275.08135750813574,0.212,0.116,False,False,False,False,False,main_stem,,,6,summer,17
2018-06-01,M17,구포,Gupo,Busan; lower Nakdong River,23.1,8.5,3.33,299.0,8.8,19.8,0.044,3.0,3.3,0.14,3.054,,,,427.56857275685724,1143.605276297216,804.323570432357,373.4542073454207,0.156,0.143,False,False,False,False,False,main_stem,,,6,summer,17
2018-06-01,M18,하구둑,Nakdong River Estuary Barrage,Busan; river mouth,23.4,7.1,2.03,291.0,8.1,3.2,0.057,1.5,4.1,0.3,3.261,,,,401.115760111576,1190.0984326319374,768.1543468154346,419.8512319851232,0.159,0.109,False,False,False,False,False,main_stem,,,6,summer,17
2018-06-01,T1,위천6,Wicheon 6,"Wicheon tributary, Gyeongsangbuk-do",28.6,9.1,7.11,390.0,11.2,6.7,0.041,2.9,7.6,0.12,4.989,,,,596.978149697815,2308.612336969731,1087.9125987912598,451.3249651324965,0.232,0.183,False,False,False,False,False,tributary,,,6,summer,17
2018-06-01,T2,감천2-1,Gamcheon 2-1,"Gamcheon tributary, near Gimcheon/Gumi",28.2,9.2,1.37,397.0,10.5,2.5,0.044,1.6,3.3,0.06,2.482,,,,186.19246861924685,925.5229600360577,612.0874012087401,291.0739191073919,0.191,0.138,False,False,False,False,False,tributary,,,6,summer,17
2018-06-01,T3,금호강,Geumho River 6,"Lower Geumho River, Daegu",28.8,9.2,2.36,740.0,13.2,4.9,0.117,2.0,6.5,0.18,4.566,,,,739.7024639702463,1741.6526429600992,1205.2998605299858,608.693630869363,0.23,0.222,False,False,False,False,False,tributary,,,6,summer,17
2018-06-01,T4,회천,Hoecheon 2-1,"Hoecheon tributary, Goryeong area",27.8,9.1,2.07,307.0,9.4,2.4,0.042,1.9,4.7,0.12,3.107,,,,495.0720595072059,1301.1598096960333,791.5853091585309,414.96978149697816,0.151,0.12,False,False,False,False,False,tributary,,,6,summer,17
2018-06-01,T5,황강,Hwang River 5,"Hwanggang tributary, Gyeongsangnam-do",27.2,8.3,4.66,178.0,8.1,8.9,0.023,0.9,2.6,0.01,1.712,,,,150.6741050674105,641.3148608473531,429.0097629009762,180.56717805671778,0.184,0.047,False,False,False,False,False,tributary,,,6,summer,17
2018-06-01,T6,밀양강3,Miryang River 3,"Miryang River, Miryang-si",24.6,9.2,9.17,225.0,9.8,16.5,0.032,1.9,3.9,0.12,2.311,,,,463.55183635518364,876.7027094291453,566.9920966992096,293.7703393770339,0.155,0.118,False,False,False,False,False,tributary,,,6,summer,17
2018-06-01,1,밀양호,Miryang Reservoir,"Miryang, Gyeongsangnam-do",23.6,7.1,0.81,55.0,8.2,1.0,0.021,1.7,3.0,,1.214,,,,69.36308693630869,414.88330756170035,178.84704788470478,147.69874476987448,0.137,0.048,False,False,False,True,False,reservoir,,,6,summer,16
2018-06-01,2,운문호,Unmun Reservoir,"Cheongdo-gun, Gyeongsangbuk-do",23.8,7.3,1.64,102.0,8.1,1.2,0.023,0.4,2.8,0.1,2.138,,,,192.37563923756392,488.8839233730894,336.9130636913063,259.13528591352855,0.146,0.05,False,False,False,False,False,reservoir,,,6,summer,17
2018-06-01,3,남강호,Namgang Reservoir / Namgang Dam Reservoir,"Jinju area, Gyeongsangnam-do",24.3,7.8,0.66,96.0,8.0,1.0,0.012,1.1,3.1,0.03,1.908,,,,225.29056252905625,673.47602149987,409.7164109716411,203.95165039516502,0.191,0.08,False,False,False,False,False,reservoir,,,6,summer,17
2018-06-01,4,영천호(죽장천),Yeongcheon Reservoir (Jukjangcheon),Yeongcheon/Pohang-region tributary system,24.7,7.5,1.31,115.0,8.0,0.4,0.009,1.6,1.4,0.03,1.477,,,,112.04091120409112,364.44061418933865,282.3802882380288,178.47512784751277,0.171,0.084,False,False,False,False,False,reservoir,,,6,summer,17
2018-06-01,5,합천호,Hapcheon Reservoir,"Hapcheon-gun, Gyeongsangnam-do",24.6,9.4,0.83,142.0,7.9,2.0,0.017,1.9,3.5,0.03,1.113,,,,558.2054858205486,727.5778546154243,528.4053928405392,256.29939562993957,0.199,0.071,False,False,False,False,False,reservoir,,,6,summer,17
2018-06-01,6,구미원수,Gumi Raw Water,Gumi WTP influent/raw water,24.0,7.8,9.39,237.0,8.1,5.1,0.024,1.8,4.8,0.06,2.781,,,,283.7284983728498,1031.7536092156295,687.7266387726638,250.7205950720595,0.209,0.186,False,False,False,False,False,treatment,Gumi,raw,6,summer,17
2018-06-01,7,구미침전수,Gumi Settled Water,Gumi After sedimentation,24.0,7.5,0.41,248.0,8.1,,0.012,,,,2.116,,,,103.71920037192002,693.3330562089478,563.7377963737796,200.0,0.114,0.068,False,False,False,False,False,treatment,Gumi,settled,6,summer,13
2018-06-01,8,구미여과수,Gumi Filtered Water,Gumi After filtration,24.0,7.4,0.05,248.0,8.1,,0.012,,,,2.025,,,,103.48675034867503,529.9145476007525,627.1966527196652,200.0,0.133,0.034,False,False,False,False,False,treatment,Gumi,filtered,6,summer,13
2018-06-01,9,구미오존처리수,Gumi Ozonated Water,Gumi ozonated Water,24.0,7.4,0.05,246.0,8.1,,0.016,,,,1.896,,,,81.2645281264528,646.5621491988978,518.3170618317062,200.0,0.125,0.046,False,False,False,False,False,treatment,Gumi,ozonated,6,summer,13
2018-06-01,10,구미GAC처리수,Gumi GAC-Treated Water,Gumi After granular activated carbon,24.0,7.3,0.05,244.0,8.1,,0.018,,,,1.66,,,,54.76522547652254,569.7055078725725,421.3389121338912,200.0,0.118,0.024,False,False,False,False,False,treatment,Gumi,GAC,6,summer,13
2018-06-01,11,구미정수,Gumi Finished Water,Gumi Final treated drinking water,24.0,7.3,0.07,248.0,8.1,,0.005,,,,1.735,,,,61.27382612738261,554.786343232378,427.2431427243142,200.0,0.118,0.034,False,False,False,False,False,treatment,Gumi,finished,6,summer,13
2018-06-01,12,고령침전수,Goryeong Settled Water,Goryeong setted water/sedimentation,22.0,7.5,0.38,255.0,,,0.014,,,,2.202,,,,160.11157601115758,836.0978668656006,473.4542073454207,200.0,0.045,0.058,False,False,False,False,False,treatment,Goryeong,settled,6,summer,12
2018-06-01,13,고령여과수,Goryeong Filtered Water,Goryeong filtered water,22.0,7.4,0.08,255.0,,,0.015,,,,2.204,,,,154.85820548582055,777.2912794095233,491.8177591817759,200.0,0.032,0.033,False,False,False,False,False,treatment,Goryeong,filtered,6,summer,12
2018-06-01,14,고령오존처리수,Goryeong Ozonated Water,Goryeong  ozonated water,22.0,7.1,0.06,230.0,,,0.016,,,,2.146,,,,144.44444444444446,662.2212756600916,605.299860529986,200.0,0.031,0.03,False,False,False,False,False,treatment,Goryeong,ozonated,6,summer,12
2018-06-01,15,고령GAC처리수,Goryeong GAC-Treated Water,Goryeong GAC treated water,22.0,7.1,0.06,230.0,,,0.024,,,,1.838,,,,45.46722454672245,520.284417510848,544.3049744304974,200.0,0.023,0.022,False,False,False,False,False,treatment,Goryeong,GAC,6,summer,12
2018-06-01,16,고령정수,Goryeong Finished Water,Goryeong Final treated drinking water,22.0,7.1,0.06,230.0,,,0.005,,,,1.883,,,,60.622966062296605,517.0985558859562,543.0962343096235,200.0,0.026,0.033,False,False,False,False,False,treatment,Goryeong,finished,6,summer,12
2018-06-01,17,반송오존처리수,Bansong Ozonated Water,Bansong ozonated water,21.0,7.5,2.92,314.0,,,0.067,,,,2.88,,,,367.08507670850764,1127.191924296467,835.7973035797304,200.0,0.124,0.095,False,False,False,False,False,treatment,Bansong,ozonated,6,summer,12
2018-06-01,18,반송침전수,Bansong Settled Water,Bansong setted water/sedimentation,21.0,7.5,0.32,328.0,,,0.014,,,,2.705,,,,244.49093444909346,774.6347389433894,804.323570432357,200.0,0.148,0.072,False,False,False,False,False,treatment,Bansong,settled,6,summer,12
2018-06-01,19,반송F/A처리수,Bansong F/A-Treated Water,Bansong F/A treated water,21.0,7.3,0.16,328.0,,,0.041,,,,2.302,,,,150.39516503951648,612.9005011265178,697.9544397954439,200.0,0.102,0.028,False,False,False,False,False,treatment,Bansong,F/A,6,summer,12
2018-06-01,20,반송정수,Bansong Finished Water,Bansong Final treated drinking water,21.0,7.2,0.15,321.0,,,0.011,,,,2.24,,,,165.13249651324963,643.6004893842814,632.8219432821943,200.0,0.101,0.027,False,False,False,False,False,treatment,Bansong,finished,6,summer,12
2018-07-01,M1,안동호,Andong Reservoir,"Andong, Gyeongsangbuk-do; upper Nakdong basin",21.0,8.3,0.79,263.0,10.7,0.5,0.017,0.8,3.4,0.04,2.304,,,,374.8024174802417,856.2988629319696,508.55416085541606,193.67735936773593,0.047,0.042,False,False,False,False,False,main_stem,,,7,summer,17
2018-07-01,M2,임하호,Imha Reservoir,"Andong, Gyeongsangbuk-do; Banbyeoncheon/upper Nakdong basin",22.0,7.7,0.45,258.0,11.2,0.1,0.014,1.8,4.9,0.06,3.605,,,,267.41050674105065,1638.9926409724349,936.4016736401672,426.68526266852626,0.1,0.123,False,False,False,False,False,main_stem,,,7,summer,17
2018-07-01,M3,예천,Yecheon,"Yecheon-gun, Gyeongsangbuk-do; upper Nakdong River",21.2,7.3,7.42,212.0,8.1,8.5,0.016,3.0,6.0,0.02,4.22,,,,113.48210134821012,2267.9468608908783,1065.9693165969315,463.78428637842865,0.155,0.292,False,False,False,False,False,main_stem,,,7,summer,17
2018-07-01,M4,상주,Sangju,"Sangju-si, Gyeongsangbuk-do; upper–middle Nakdong",22.0,7.6,5.05,198.0,8.0,7.4,0.018,2.3,5.6,0.03,3.59,,,,68.06136680613668,1790.6684472319446,856.9502556950255,362.6220362622036,0.139,0.229,False,False,False,False,False,main_stem,,,7,summer,17
2018-07-01,M5,낙단보,Nakdan Weir,"Sangju area, Gyeongsangbuk-do; Nakdong main stem",21.9,7.5,24.0,164.0,8.0,20.4,0.012,5.0,8.0,0.005,5.9,,,,137.65690376569037,3859.5437575875158,794.8860994886098,525.9879125987912,0.167,0.429,False,False,False,False,False,main_stem,,,7,summer,17
2018-07-01,M6,해평,Haepyeong,"Gumi-si, Gyeongsangbuk-do; Nakdong main stem",22.2,7.0,22.1,898.0,11.5,46.4,0.018,3.9,7.0,0.03,4.638,,,,250.6741050674105,2777.6772262809345,666.8061366806136,437.7033937703393,0.182,0.389,False,False,False,False,False,main_stem,,,7,summer,17
2018-07-01,M7,구미,Gumi,"Gumi-si, Gyeongsangbuk-do; Nakdong main stem",22.6,7.6,25.2,180.0,8.2,22.4,0.021,4.1,7.3,0.09,5.105,,,,197.16410971641093,3156.65325097961,593.9562993956299,439.88842398884236,0.196,0.285,False,False,False,False,False,main_stem,,,7,summer,17
2018-07-01,M8,왜관,Waegwan,"Waegwan-eup, Chilgok-gun, Gyeongsangbuk-do",22.2,7.5,23.5,174.0,9.1,28.0,0.018,5.2,8.5,0.03,5.656,,,,192.18967921896794,3733.9690350603023,816.0855416085541,530.8693630869363,0.228,0.514,False,False,False,False,False,main_stem,,,7,summer,17
2018-07-01,M9,고령(취),Goryeong Raw Water,Raw-water sample associated with Goryeong WTP,20.9,7.2,42.4,462.0,11.2,38.2,0.013,5.1,8.6,0.04,5.72,,,,187.68014876801487,3503.9565103497002,817.852161785216,481.6364481636448,0.23,0.551,False,False,False,False,False,main_stem,Goryeong,raw,7,summer,17
2018-07-01,M10,달성,Dalseong,Daegu/Dalseong area; Nakdong main stem,22.0,7.6,38.4,182.0,9.7,26.0,0.015,4.8,8.2,0.03,5.662,,,,132.49651324965131,3541.4973644390993,861.8317061831706,483.3565783356578,0.197,0.445,False,False,False,False,False,main_stem,,,7,summer,17
2018-07-01,M11,고령,Goryeong,Goryeong-gun area; Nakdong River,21.9,7.5,11.8,224.0,8.6,12.0,0.021,4.0,7.6,0.02,5.139,,,,187.77312877731285,3280.5377082800715,657.9730357973035,503.207810320781,0.2,0.361,False,False,False,False,False,main_stem,,,7,summer,17
2018-07-01,M12,용산,Yongsan,"Lower-middle Nakdong, Changnyeong reach",22.1,7.4,18.7,182.0,8.5,14.6,0.017,4.0,7.6,0.03,5.1,,,,166.43421664342165,3376.8636011131475,609.3909809390981,483.2635983263598,0.203,0.368,False,False,False,False,False,main_stem,,,7,summer,17
2018-07-01,M13,남지,Namji,"Namji-eup, Changnyeong-gun, Gyeongsangnam-do",22.4,7.1,11.8,237.0,10.5,12.4,0.02,3.3,6.4,0.02,4.064,,,,106.27615062761505,2145.70276037609,882.0548582054857,393.16596931659694,0.2,0.33,False,False,False,False,False,main_stem,,,7,summer,17
2018-07-01,M14,본포,Bansong Raw Water,"Raw-water source for Bansong WTP, Changwon system",22.6,7.1,25.5,388.0,11.0,44.0,0.031,1.4,5.3,0.02,3.835,,,,197.81496978149696,1802.9739235203504,857.9730357973034,356.39237563923757,0.148,0.18,False,False,False,False,False,main_stem,Bansong,raw,7,summer,17
2018-07-01,M15,삼량진,Samnangjin,"Miryang-si, Gyeongsangnam-do; lower Nakdong",22.3,7.4,22.6,164.0,8.4,19.0,0.017,4.6,7.5,0.02,4.589,,,,183.07763830776383,3129.782508892613,668.2473268247327,487.9590887959089,0.19,0.341,False,False,False,False,False,main_stem,,,7,summer,17
2018-07-01,M16,물금,Mulgeum,"Yangsan-si, Gyeongsangnam-do; lower Nakdong",22.1,7.3,18.5,172.0,8.0,13.0,0.017,4.4,7.3,0.01,4.55,,,,181.2645281264528,3049.17420714827,626.5457926545793,464.3421664342166,0.201,0.313,False,False,False,False,False,main_stem,,,7,summer,17
2018-07-01,M17,구포,Gupo,Busan; lower Nakdong River,22.1,7.6,15.7,168.0,8.7,20.0,0.017,4.0,7.0,0.02,4.562,,,,195.58344955834494,2982.435326782575,622.3616922361692,437.65690376569034,0.17400000000000002,0.299,False,False,False,False,False,main_stem,,,7,summer,17
2018-07-01,M18,하구둑,Nakdong River Estuary Barrage,Busan; river mouth,22.5,7.1,4.25,386.0,10.6,14.0,0.049,3.2,6.5,0.005,3.642,,,,288.56345885634585,1535.4465512301379,835.4253835425383,429.2422129242213,0.116,0.164,False,False,False,False,False,main_stem,,,7,summer,17
2018-07-01,T1,위천6,Wicheon 6,"Wicheon tributary, Gyeongsangbuk-do",22.1,7.6,7.37,242.0,7.7,8.9,0.018,4.3,7.3,0.03,5.038,,,,117.71269177126918,2770.333262143662,1157.9265457926545,509.4374709437471,0.157,0.343,False,False,False,False,False,tributary,,,7,summer,17
2018-07-01,T2,감천2-1,Gamcheon 2-1,"Gamcheon tributary, near Gimcheon/Gumi",20.6,7.7,4.0,246.0,8.4,8.6,0.023,1.4,4.0,0.01,2.791,,,,52.99860529986052,1381.8389046355035,573.1287773128777,329.75360297536025,0.086,0.135,False,False,False,False,False,tributary,,,7,summer,17
2018-07-01,T3,금호강,Geumho River 6,"Lower Geumho River, Daegu",21.2,7.6,3.96,361.0,7.8,4.8,0.038,2.7,5.9,0.04,4.188,,,,163.92375639237562,2058.6303025031593,984.2863784286378,445.00232450023236,0.16,0.213,False,False,False,False,False,tributary,,,7,summer,17
2018-07-01,T4,회천,Hoecheon 2-1,"Hoecheon tributary, Goryeong area",22.2,7.5,16.0,202.0,9.2,12.2,0.02,4.3,8.1,0.03,5.482,,,,201.34821013482102,3438.500374326876,650.8600650860064,500.41841004184096,0.166,0.401,False,False,False,False,False,tributary,,,7,summer,17
2018-07-01,T5,황강,Hwang River 5,"Hwanggang tributary, Gyeongsangnam-do",20.6,7.7,5.08,159.0,8.7,9.8,0.016,0.6,3.0,0.005,2.248,,,,69.5955369595537,989.5623142778688,551.7433751743375,233.8912133891213,0.074,0.137,False,False,False,False,False,tributary,,,7,summer,17
2018-07-01,T6,밀양강3,Miryang River 3,"Miryang River, Miryang-si",21.6,7.7,2.31,169.0,8.6,5.4,0.021,1.7,4.4,0.03,2.247,,,,98.32635983263599,1055.6065964236564,542.3059042305904,335.75081357508134,0.081,0.123,False,False,False,False,False,tributary,,,7,summer,17
2018-07-01,1,밀양호,Miryang Reservoir,"Miryang, Gyeongsangnam-do",22.3,6.7,0.96,215.0,11.4,0.6,0.022,0.4,2.7,,5.209,,,,64.62110646211063,368.05224997304396,274.84890748489073,317.3407717340771,0.025,0.039,False,False,False,True,False,reservoir,,,7,summer,16
2018-07-01,2,운문호,Unmun Reservoir,"Cheongdo-gun, Gyeongsangbuk-do",22.2,7.0,3.37,249.0,11.2,3.4,0.024,0.4,2.9,0.08,2.41,,,,231.6596931659693,570.2738827403805,390.46954904695485,177.68479776847977,0.044,0.048,False,False,False,False,False,reservoir,,,7,summer,17
2018-07-01,3,남강호,Namgang Reservoir / Namgang Dam Reservoir,"Jinju area, Gyeongsangnam-do",22.0,7.6,21.4,161.0,8.4,19.6,0.01,2.8,5.6,0.02,3.6,,,,195.76940957694097,1993.4391302738345,478.8470478847048,367.7824267782426,0.141,0.243,False,False,False,False,False,reservoir,,,7,summer,17
2018-07-01,4,영천호(죽장천),Yeongcheon Reservoir (Jukjangcheon),Yeongcheon/Pohang-region tributary system,20.8,6.8,16.6,292.0,11.6,27.8,0.009,4.1,7.5,0.02,1.765,,,,140.9576940957694,3216.2337337810177,734.8210134821013,460.4370060437006,0.228,0.434,False,False,False,False,False,reservoir,,,7,summer,17
2018-07-01,5,합천호,Hapcheon Reservoir,"Hapcheon-gun, Gyeongsangnam-do",22.3,7.3,0.58,672.0,11.4,1.1,0.018,1.1,3.1,0.13,1.115,,,,243.60762436076243,887.7963737796374,521.5248721524872,314.7373314737331,0.063,0.083,False,False,False,False,False,reservoir,,,7,summer,17
2018-07-01,6,구미원수,Gumi Raw Water,Gumi WTP influent/raw water,22.2,7.0,22.1,898.0,11.5,46.4,0.018,3.9,7.0,0.03,5.45,,,,250.6741050674105,2777.6772262809345,666.8061366806136,437.7033937703393,0.182,0.389,False,False,False,False,False,treatment,Gumi,raw,7,summer,17
2018-07-01,7,구미침전수,Gumi Settled Water,Gumi After sedimentation,24.0,7.2,0.73,107.5,11.5,,0.009,,,,3.072,,,,117.06183170618316,1031.2271398767168,794.3747094374709,429.2422129242213,0.089,0.041,False,False,False,False,False,treatment,Gumi,settled,7,summer,13
2018-07-01,8,구미여과수,Gumi Filtered Water,Gumi After filtration,24.0,7.1,0.06,121.1,11.5,,0.011,,,,2.999,,,,109.90237099023709,1012.7064198610234,762.1571362157135,429.2422129242213,0.079,0.085,False,False,False,False,False,treatment,Gumi,filtered,7,summer,13
2018-07-01,9,구미오존처리수,Gumi Ozonated Water,Gumi ozonated Water,24.0,7.1,0.05,111.5,11.5,,0.014,,,,2.664,,,,107.25244072524406,957.0284446034552,703.068340306834,429.2422129242213,0.092,0.073,False,False,False,False,False,treatment,Gumi,ozonated,7,summer,13
2018-07-01,10,구미GAC처리수,Gumi GAC-Treated Water,Gumi After granular activated carbon,24.0,7.1,0.05,113.9,11.5,,0.014,,,,2.335,,,,83.40306834030683,820.2881498961134,673.2682473268246,429.2422129242213,0.052,0.065,False,False,False,False,False,treatment,Gumi,GAC,7,summer,13
2018-07-01,11,구미정수,Gumi Finished Water,Gumi Final treated drinking water,24.0,7.0,0.08,117.2,11.5,,0.005,,,,2.443,,,,87.07577870757787,817.4671775583563,733.6587633658763,429.2422129242213,0.066,0.054,False,False,False,False,False,treatment,Gumi,finished,7,summer,13
2018-07-01,12,고령침전수,Goryeong Settled Water,Goryeong setted water/sedimentation,23.2,7.1,0.6,249.0,,,0.008,,,,3.029,,,,63.31938633193863,980.7946823347874,881.6829381682937,200.0,0.075,0.091,False,False,False,False,False,treatment,Goryeong,settled,7,summer,12
2018-07-01,13,고령여과수,Goryeong Filtered Water,Goryeong filtered water,23.9,7.2,0.06,272.0,,,0.008,,,,3.054,,,,68.71222687122268,993.2199862743794,945.6996745699673,200.0,0.099,0.231,False,False,False,False,False,treatment,Goryeong,filtered,7,summer,12
2018-07-01,14,고령오존처리수,Goryeong Ozonated Water,Goryeong  ozonated water,23.6,7.2,0.07,263.0,,,0.01,,,,2.93,,,,65.17898651789865,992.6456674434803,807.7173407717339,200.0,0.083,0.07,False,False,False,False,False,treatment,Goryeong,ozonated,7,summer,12
2018-07-01,15,고령GAC처리수,Goryeong GAC-Treated Water,Goryeong GAC treated water,23.6,7.4,0.08,269.0,,,0.013,,,,2.279,,,,19.479311947931194,821.6697010022144,665.6438865643886,200.0,0.043,0.042,False,False,False,False,False,treatment,Goryeong,GAC,7,summer,12
2018-07-01,16,고령정수,Goryeong Finished Water,Goryeong Final treated drinking water,24.6,7.1,0.08,254.0,,,,,,,2.32,,,,33.33333333333333,773.1141379071585,671.7805671780567,200.0,0.046,0.046,False,False,True,False,False,treatment,Goryeong,finished,7,summer,11
2018-07-01,17,반송오존처리수,Bansong Ozonated Water,Bansong ozonated water,21.7,7.2,20.8,400.0,,,0.031,,,,3.728,,,,236.02975360297535,1764.7800193546623,765.0395165039516,374.10506741050676,0.124,0.125,False,False,False,False,False,treatment,Bansong,ozonated,7,summer,12
2018-07-01,18,반송침전수,Bansong Settled Water,Bansong setted water/sedimentation,22.0,7.1,0.45,448.0,,,0.009,,,,2.8,,,,114.55137145513714,972.6826155845879,588.7494188749419,596.1878196187819,0.071,0.058,False,False,False,False,False,treatment,Bansong,settled,7,summer,12
2018-07-01,19,반송F/A처리수,Bansong F/A-Treated Water,Bansong F/A treated water,21.8,7.1,0.11,383.0,,,0.022,,,,2.215,,,,75.31380753138076,728.7699709403976,573.1752673175267,404.323570432357,0.021,0.037,False,False,False,False,False,treatment,Bansong,F/A,7,summer,12
2018-07-01,20,반송정수,Bansong Finished Water,Bansong Final treated drinking water,22.1,7.0,0.15,413.0,,,0.007,,,,2.198,,,,79.9163179916318,698.3283465849714,539.6559739655974,427.1036727103672,0.052,0.038,False,False,False,False,False,treatment,Bansong,finished,7,summer,12
2018-08-01,M1,안동호,Andong Reservoir,"Andong, Gyeongsangbuk-do; upper Nakdong basin",30.5,9.1,0.83,202.0,10.3,0.8,0.018,0.7,5.1,0.04,2.693,,,,627.8940027894002,886.4554136030655,579.4979079497907,191.8642491864249,0.042,0.049,False,False,False,False,False,main_stem,,,8,summer,17
2018-08-01,M2,임하호,Imha Reservoir,"Andong, Gyeongsangbuk-do; Banbyeoncheon/upper Nakdong basin",31.0,8.8,1.16,359.0,9.8,1.8,0.016,1.0,6.9,0.1,4.392,,,,363.78428637842865,2001.5060238472213,1102.138540213854,361.22733612273356,0.123,0.164,False,False,False,False,False,main_stem,,,8,summer,17
2018-08-01,M3,예천,Yecheon,"Yecheon-gun, Gyeongsangbuk-do; upper Nakdong River",25.8,7.5,9.43,330.0,7.8,16.6,0.014,0.5,6.6,0.02,3.744,,,,188.51696885169687,1810.2000169941143,779.1724779172478,305.9507205950721,0.292,0.18,False,False,False,False,False,main_stem,,,8,summer,17
2018-08-01,M4,상주,Sangju,"Sangju-si, Gyeongsangbuk-do; upper–middle Nakdong",29.6,8.2,1.42,222.0,8.7,2.0,0.02,0.5,5.7,0.03,2.739,,,,134.40260344026035,1136.4980271527013,568.5727568572756,232.7754532775453,0.229,0.099,False,False,False,False,False,main_stem,,,8,summer,17
2018-08-01,M5,낙단보,Nakdan Weir,"Sangju area, Gyeongsangbuk-do; Nakdong main stem",31.0,7.9,3.04,217.0,6.6,2.8,0.021,1.2,6.5,0.12,3.799,,,,248.72152487215246,1737.1707265477605,757.6940957694095,330.1720130172013,0.429,0.15,False,False,False,False,False,main_stem,,,8,summer,17
2018-08-01,M6,해평,Haepyeong,"Gumi-si, Gyeongsangbuk-do; Nakdong main stem",30.7,8.3,10.4,222.0,9.8,11.6,0.022,1.4,6.4,0.02,3.424,,,,357.18270571827054,1362.6912493112657,665.3649465364946,312.4128312412831,0.389,0.197,False,False,False,False,False,main_stem,,,8,summer,17
2018-08-01,M7,구미,Gumi,"Gumi-si, Gyeongsangbuk-do; Nakdong main stem",32.3,9.0,3.59,257.0,9.5,6.0,0.039,2.0,8.0,0.13,3.737,,,,309.1120409112041,1439.9960214576051,700.278940027894,324.9186424918642,0.285,0.166,False,False,False,False,False,main_stem,,,8,summer,17
2018-08-01,M8,왜관,Waegwan,"Waegwan-eup, Chilgok-gun, Gyeongsangbuk-do",30.4,8.5,5.46,290.0,7.8,6.8,0.057,2.0,7.1,0.18,3.89,,,,282.4267782426778,1611.2538462253303,821.1994421199443,394.79311947931194,0.514,0.203,False,False,False,False,False,main_stem,,,8,summer,17
2018-08-01,M9,고령(취),Goryeong Raw Water,Raw-water sample associated with Goryeong WTP,29.8,8.1,4.06,302.0,9.8,4.4,0.061,0.5,8.9,0.04,3.785,,,,389.2608089260808,2090.631565715517,892.0966992096699,444.3514644351464,0.551,0.178,False,False,False,False,False,main_stem,Goryeong,raw,8,summer,17
2018-08-01,M10,달성,Dalseong,Daegu/Dalseong area; Nakdong main stem,29.9,8.6,4.89,296.0,8.4,6.8,0.062,1.5,7.0,0.15,4.333,,,,296.88516968851695,2032.509790446205,1048.9074848907485,433.51929335192926,0.445,0.235,False,False,False,False,False,main_stem,,,8,summer,17
2018-08-01,M11,고령,Goryeong,Goryeong-gun area; Nakdong River,30.3,8.9,8.35,345.0,9.2,8.4,0.05,1.7,8.9,0.27,4.693,,,,375.03486750348674,1948.8245136655537,983.6820083682007,437.51743375174334,0.361,0.233,False,False,False,False,False,main_stem,,,8,summer,17
2018-08-01,M12,용산,Yongsan,"Lower-middle Nakdong, Changnyeong reach",29.2,9.9,20.7,369.0,9.4,18.6,0.043,1.3,11.7,0.08,5.035,,,,400.27894002789395,2077.5186569970133,929.0097629009763,474.5699674569967,0.368,0.038,False,False,False,False,False,main_stem,,,8,summer,17
2018-08-01,M13,남지,Namji,"Namji-eup, Changnyeong-gun, Gyeongsangnam-do",29.5,9.6,21.1,309.0,11.0,20.4,0.047,2.8,13.7,0.12,4.359,,,,468.5727568572757,1863.4799020237283,916.8758716875872,446.11808461180846,0.33,0.03,False,False,False,False,False,main_stem,,,8,summer,17
2018-08-01,M14,본포,Bansong Raw Water,"Raw-water source for Bansong WTP, Changwon system",30.0,8.9,14.0,231.0,10.1,43.0,0.023,11.8,14.3,0.45,4.716,,,,1568.9446768944674,2359.1205831922603,1469.0841469084146,993.3054393305439,0.18,0.036,False,False,False,False,False,main_stem,Bansong,raw,8,summer,17
2018-08-01,M15,삼량진,Samnangjin,"Miryang-si, Gyeongsangnam-do; lower Nakdong",28.9,9.2,15.2,237.0,7.7,17.2,0.033,2.3,9.8,0.05,4.53,,,,322.9195722919572,1974.3438310148958,781.1715481171548,388.1450488145049,0.341,0.019,False,False,False,False,False,main_stem,,,8,summer,17
2018-08-01,M16,물금,Mulgeum,"Yangsan-si, Gyeongsangnam-do; lower Nakdong",28.2,9.2,71.5,228.0,8.0,52.4,0.025,8.9,16.9,0.12,4.768,,,,708.740120874012,2124.6126574686295,1109.1585309158531,721.6178521617852,0.313,0.066,False,False,False,False,False,main_stem,,,8,summer,17
2018-08-01,M17,구포,Gupo,Busan; lower Nakdong River,26.2,8.8,27.5,236.0,7.4,33.6,0.036,9.2,14.4,0.22,4.986,,,,435.79730357973034,2080.261335249181,925.7089725708971,559.3212459321246,0.299,0.061,False,False,False,False,False,main_stem,,,8,summer,17
2018-08-01,M18,하구둑,Nakdong River Estuary Barrage,Busan; river mouth,30.2,9.3,16.1,313.0,10.2,10.8,0.099,1.8,11.1,0.19,5.077,,,,443.6541143654114,2126.654159888168,1078.1032078103208,603.3937703393769,0.164,0.034,False,False,False,False,False,main_stem,,,8,summer,17
2018-08-01,T1,위천6,Wicheon 6,"Wicheon tributary, Gyeongsangbuk-do",32.2,8.9,7.22,247.0,9.4,8.6,0.023,1.8,9.4,0.12,4.418,,,,444.11901441190145,1884.21258337517,883.2635983263597,425.84844258484424,0.343,0.196,False,False,False,False,False,tributary,,,8,summer,17
2018-08-01,T2,감천2-1,Gamcheon 2-1,"Gamcheon tributary, near Gimcheon/Gumi",31.8,8.4,2.16,410.0,9.5,5.2,0.057,0.7,5.8,0.04,2.673,,,,130.72989307298928,986.4628064895332,562.0641562064155,344.5839144583914,0.135,0.096,False,False,False,False,False,tributary,,,8,summer,17
2018-08-01,T3,금호강,Geumho River 6,"Lower Geumho River, Daegu",31.1,9.1,4.37,692.0,12.7,10.2,0.093,2.0,8.0,0.21,4.997,,,,377.68479776847977,1952.0808261663642,1246.4435146443514,617.0618317061832,0.213,0.283,False,False,False,False,False,tributary,,,8,summer,17
2018-08-01,T4,회천,Hoecheon 2-1,"Hoecheon tributary, Goryeong area",30.6,9.7,280.0,406.0,14.0,148.0,0.041,13.6,60.9,0.29,5.682,,,,6102.324500232449,5525.960556223804,5329.056252905625,3806.741050674105,0.401,0.082,False,False,False,False,False,tributary,,,8,summer,17
2018-08-01,T5,황강,Hwang River 5,"Hwanggang tributary, Gyeongsangnam-do",20.9,8.2,10.3,147.0,9.0,13.6,0.02,0.3,3.8,0.1,2.03,,,,119.61878196187818,755.8966000519347,367.27103672710365,201.39470013947,0.137,0.026,False,False,False,False,False,tributary,,,8,summer,17
2018-08-01,T6,밀양강3,Miryang River 3,"Miryang River, Miryang-si",29.6,8.6,8.29,240.0,8.1,12.0,0.042,0.8,5.9,0.19,3.362,,,,378.61459786145974,1109.074128736717,558.0660158066015,331.1018131101813,0.123,0.041,False,False,False,False,False,tributary,,,8,summer,17
2018-08-01,1,밀양호,Miryang Reservoir,"Miryang, Gyeongsangnam-do",29.2,7.6,2.31,48.0,10.2,4.4,0.017,0.9,3.1,,1.4,,,,96.79218967921895,620.130320781032,311.8549511854951,322.9660622966062,0.039,0.023,False,False,False,True,False,reservoir,,,8,summer,16
2018-08-01,2,운문호,Unmun Reservoir,"Cheongdo-gun, Gyeongsangbuk-do",29.5,7.8,0.88,88.0,9.8,0.4,0.018,0.6,3.8,0.02,3.2,,,,107.85681078568106,1020.3312014580906,420.50209205020917,434.72803347280336,0.048,0.041,False,False,False,False,False,reservoir,,,8,summer,17
2018-08-01,3,남강호,Namgang Reservoir / Namgang Dam Reservoir,"Jinju area, Gyeongsangnam-do",29.0,8.0,8.54,103.0,10.4,6.2,0.007,1.3,7.7,0.09,3.2,,,,335.51836355183633,1135.6656968850034,479.07949790794976,211.5760111576011,0.243,0.041,False,False,False,False,False,reservoir,,,8,summer,17
2018-08-01,4,영천호(죽장천),Yeongcheon Reservoir (Jukjangcheon),Yeongcheon/Pohang-region tributary system,29.9,8.0,0.71,135.0,10.2,0.4,0.021,0.3,2.8,0.04,3.9,,,,108.27522082752209,489.0876017765906,273.5936773593677,168.06136680613668,0.434,0.047,False,False,False,False,False,reservoir,,,8,summer,17
2018-08-01,5,합천호,Hapcheon Reservoir,"Hapcheon-gun, Gyeongsangnam-do",29.8,9.4,3.43,145.0,9.9,3.4,0.018,1.1,6.0,0.13,2.3,,,,641.7945141794513,945.9764991043223,591.3993491399349,221.75732217573218,0.083,0.091,False,False,False,False,False,reservoir,,,8,summer,17
2018-08-01,6,구미원수,Gumi Raw Water,Gumi WTP influent/raw water,30.7,8.3,10.4,222.0,9.8,11.6,0.022,1.4,8.0,0.02,3.3,,,,357.18270571827054,1362.6912493112657,665.3649465364946,312.4128312412831,0.389,0.197,False,False,False,False,False,treatment,Gumi,raw,8,summer,17
2018-08-01,7,구미침전수,Gumi Settled Water,Gumi After sedimentation,31.0,7.3,0.32,226.6,9.8,,0.015,,,,2.518,,,,115.34170153417014,932.394487806726,590.7949790794979,200.0,0.041,0.307,False,False,False,False,False,treatment,Gumi,settled,8,summer,13
2018-08-01,8,구미여과수,Gumi Filtered Water,Gumi After filtration,31.0,7.3,0.09,229.3,9.8,,0.016,,,,2.49,,,,73.45420734542073,773.2976178821207,543.7935843793583,200.0,0.085,0.06,False,False,False,False,False,treatment,Gumi,filtered,8,summer,13
2018-08-01,9,구미오존처리수,Gumi Ozonated Water,Gumi ozonated Water,31.0,7.2,0.08,232.2,9.8,,0.018,,,,2.271,,,,88.37749883774988,735.876868781632,468.8516968851697,200.0,0.073,0.048,False,False,False,False,False,treatment,Gumi,ozonated,8,summer,13
2018-08-01,10,구미GAC처리수,Gumi GAC-Treated Water,Gumi After granular activated carbon,31.0,7.2,0.07,229.5,9.8,,0.022,,,,1.945,,,,46.62947466294746,722.0316550860483,392.37563923756386,200.0,0.065,0.037,False,False,False,False,False,treatment,Gumi,GAC,8,summer,13
2018-08-01,11,구미정수,Gumi Finished Water,Gumi Final treated drinking water,31.0,7.1,0.09,232.4,9.8,,0.006,,,,2.134,,,,47.466294746629465,700.278327645835,406.78754067875406,200.0,0.054,0.029,False,False,False,False,False,treatment,Gumi,finished,8,summer,13
2018-08-01,12,고령침전수,Goryeong Settled Water,Goryeong setted water/sedimentation,27.6,7.2,0.46,236.0,,,0.042,,,,2.948,,,,61.738726173872614,947.0029086531966,678.7540678754067,200.0,0.091,0.043,False,False,False,False,False,treatment,Goryeong,settled,8,summer,12
2018-08-01,13,고령여과수,Goryeong Filtered Water,Goryeong filtered water,27.3,7.3,0.11,252.0,,,0.045,,,,2.88,,,,66.85262668526266,955.7988260594148,660.7624360762435,200.0,0.231,0.072,False,False,False,False,False,treatment,Goryeong,filtered,8,summer,12
2018-08-01,14,고령오존처리수,Goryeong Ozonated Water,Goryeong  ozonated water,28.1,7.2,0.1,247.0,,,0.046,,,,2.804,,,,51.60390516039052,874.9732886376797,685.5416085541608,200.0,0.07,0.056,False,False,False,False,False,treatment,Goryeong,ozonated,8,summer,12
2018-08-01,15,고령GAC처리수,Goryeong GAC-Treated Water,Goryeong GAC treated water,27.7,7.4,0.08,246.0,,,0.056,,,,2.213,,,,19.572291957229194,807.9144976381289,576.3365876336587,200.0,0.042,0.059,False,False,False,False,False,treatment,Goryeong,GAC,8,summer,12
2018-08-01,16,고령정수,Goryeong Finished Water,Goryeong Final treated drinking water,30.6,7.0,0.08,241.0,,,0.011,,,,2.316,,,,31.19479311947931,893.4127826696363,509.9953509995351,200.0,0.046,0.034,False,False,False,False,False,treatment,Goryeong,finished,8,summer,12
2018-08-01,17,반송오존처리수,Bansong Ozonated Water,Bansong ozonated water,29.8,7.27,12.7,252.5,,,0.042,,,,4.836,,,,768.8981868898187,1830.0908717789007,1006.8805206880521,688.7494188749419,0.125,0.046,False,False,False,False,False,treatment,Bansong,ozonated,8,summer,12
2018-08-01,18,반송침전수,Bansong Settled Water,Bansong setted water/sedimentation,30.5,7.07,1.48,261.8,,,0.03,,,,2.928,,,,123.29149232914924,862.2611477515385,764.2491864249185,526.6852626685262,0.058,0.238,False,False,False,False,False,treatment,Bansong,settled,8,summer,12
2018-08-01,19,반송F/A처리수,Bansong F/A-Treated Water,Bansong F/A treated water,30.5,6.93,0.119,262.3,,,0.033,,,,2.155,,,,47.23384472338447,679.1831383274479,565.4114365411436,292.6545792654579,0.037,0.09,False,False,False,False,False,treatment,Bansong,F/A,8,summer,12
2018-08-01,20,반송정수,Bansong Finished Water,Bansong Final treated drinking water,29.8,7.01,3.0,264.5,,,0.011,,,,2.188,,,,60.8554160855416,693.1321084864392,483.17061831706184,272.0595072059507,0.038,0.031,False,False,False,False,False,treatment,Bansong,finished,8,summer,12
